#
# There is insufficient memory for the Java Runtime Environment to continue.
# Native memory allocation (malloc) failed to allocate 1567856 bytes. Error detail: Chunk::new
# Possible reasons:
#   The system is out of physical RAM or swap space
#   This process is running with CompressedOops enabled, and the Java Heap may be blocking the growth of the native heap
# Possible solutions:
#   Reduce memory load on the system
#   Increase physical memory or swap space
#   Check if swap backing store is full
#   Decrease Java heap size (-Xmx/-Xms)
#   Decrease number of Java threads
#   Decrease Java thread stack sizes (-Xss)
#   Set larger code cache with -XX:ReservedCodeCacheSize=
#   JVM is running with Unscaled Compressed Oops mode in which the Java heap is
#     placed in the first 4GB address space. The Java Heap base address is the
#     maximum limit for the native heap growth. Please use -XX:HeapBaseMinAddress
#     to set the Java Heap base and to place the Java Heap above 4GB virtual address.
# This output file may be truncated or incomplete.
#
#  Out of Memory Error (arena.cpp:168), pid=21196, tid=28656
#
# JRE version: OpenJDK Runtime Environment Temurin-21.0.8+9 (21.0.8+9) (build 21.0.8+9-LTS)
# Java VM: OpenJDK 64-Bit Server VM Temurin-21.0.8+9 (21.0.8+9-LTS, mixed mode, sharing, tiered, compressed oops, compressed class ptrs, g1 gc, windows-amd64)
# No core dump will be written. Minidumps are not enabled by default on client versions of Windows
#

---------------  S U M M A R Y ------------

Command Line: --add-opens=java.base/java.lang=ALL-UNNAMED --add-opens=java.base/java.lang.invoke=ALL-UNNAMED --add-opens=java.base/java.util=ALL-UNNAMED --add-opens=java.prefs/java.util.prefs=ALL-UNNAMED --add-exports=jdk.compiler/com.sun.tools.javac.api=ALL-UNNAMED --add-exports=jdk.compiler/com.sun.tools.javac.util=ALL-UNNAMED --add-opens=java.base/java.util=ALL-UNNAMED --add-opens=java.prefs/java.util.prefs=ALL-UNNAMED --add-opens=java.base/java.nio.charset=ALL-UNNAMED --add-opens=java.base/java.net=ALL-UNNAMED --add-opens=java.base/java.util.concurrent.atomic=ALL-UNNAMED --add-opens=java.xml/javax.xml.namespace=ALL-UNNAMED -XX:MaxMetaspaceSize=512m -Xmx2048m -Dfile.encoding=UTF-8 -Duser.country=US -Duser.language=en -Duser.variant -javaagent:C:\Users\USER\.gradle\wrapper\dists\gradle-8.14.1-bin\baw1sv0jfoi8rxs14qo3h49cs\gradle-8.14.1\lib\agents\gradle-instrumentation-agent-8.14.1.jar org.gradle.launcher.daemon.bootstrap.GradleDaemon 8.14.1

Host: Intel(R) Core(TM) i5-8365U CPU @ 1.60GHz, 8 cores, 15G,  Windows 11 , 64 bit Build 26100 (10.0.26100.5074)
Time: Thu Sep 11 13:40:54 2025 W. Central Africa Standard Time elapsed time: 142.334053 seconds (0d 0h 2m 22s)

---------------  T H R E A D  ---------------

Current thread (0x000001f0c7b9f970):  JavaThread "C2 CompilerThread1" daemon [_thread_in_native, id=28656, stack(0x000000b68cd00000,0x000000b68ce00000) (1024K)]


Current CompileTask:
C2:142334 27531   !   4       org.gradle.internal.snapshot.impl.DirectorySnapshotter::snapshot (118 bytes)

Stack: [0x000000b68cd00000,0x000000b68ce00000]
Native frames: (J=compiled Java code, j=interpreted, Vv=VM code, C=native code)
V  [jvm.dll+0x6d2449]
V  [jvm.dll+0x8ae341]
V  [jvm.dll+0x8b08be]
V  [jvm.dll+0x8b0fa3]
V  [jvm.dll+0x280c96]
V  [jvm.dll+0xc581d]
V  [jvm.dll+0xc5d53]
V  [jvm.dll+0x3b9162]
V  [jvm.dll+0x385315]
V  [jvm.dll+0x38477a]
V  [jvm.dll+0x248ed0]
V  [jvm.dll+0x2484af]
V  [jvm.dll+0x1c89ee]
V  [jvm.dll+0x257d4d]
V  [jvm.dll+0x2562ea]
V  [jvm.dll+0x3f2d16]
V  [jvm.dll+0x857e6b]
V  [jvm.dll+0x6d0b0d]
C  [ucrtbase.dll+0x37b0]
C  [KERNEL32.DLL+0x2e8d7]
C  [ntdll.dll+0x8d9c]


---------------  P R O C E S S  ---------------

Threads class SMR info:
_java_thread_list=0x000001f0c7e575d0, length=156, elements={
0x000001f0f8483c80, 0x000001f0fdae8b30, 0x000001f0fdae9580, 0x000001f0fdaed510,
0x000001f0fdaee310, 0x000001f0fdaf5520, 0x000001f0fdaf5f70, 0x000001f0fdaf7d60,
0x000001f0fdafe740, 0x000001f0fdab4fd0, 0x000001f097957a20, 0x000001f0b8d52b30,
0x000001f0b8d35af0, 0x000001f0b8ffc2f0, 0x000001f0b8d4d530, 0x000001f0b8d4df60,
0x000001f0b8ed8b00, 0x000001f0b8d1bbb0, 0x000001f0b8de09c0, 0x000001f0b8de1050,
0x000001f0b8de37b0, 0x000001f0b8de16e0, 0x000001f0b8de2400, 0x000001f0b8de1d70,
0x000001f0b8de2a90, 0x000001f0b8de3120, 0x000001f0b8de0330, 0x000001f0b93d0410,
0x000001f0b93cf060, 0x000001f0b93d24e0, 0x000001f0b93d0aa0, 0x000001f0b93d17c0,
0x000001f0b93d3200, 0x000001f0b93d2b70, 0x000001f0b93d1e50, 0x000001f0b93cfd80,
0x000001f0b93d3890, 0x000001f0b93d45b0, 0x000001f0b93d4c40, 0x000001f0b93d3f20,
0x000001f0badf0d70, 0x000001f0badf0050, 0x000001f0badf2e40, 0x000001f0badf2120,
0x000001f0badf1a90, 0x000001f0badf27b0, 0x000001f0badf34d0, 0x000001f0badf3b60,
0x000001f0badf06e0, 0x000001f0badf41f0, 0x000001f0badf4880, 0x000001f0badf1400,
0x000001f0badf4f10, 0x000001f0badf55a0, 0x000001f0badf62c0, 0x000001f0badf6950,
0x000001f0badf7670, 0x000001f0badf6fe0, 0x000001f0b93d6680, 0x000001f0b743a030,
0x000001f0b743ba70, 0x000001f0b74399a0, 0x000001f0b743f580, 0x000001f0bb7d7650,
0x000001f0bb7da440, 0x000001f0bb7d6fc0, 0x000001f0bb7db160, 0x000001f0bb7dbe80,
0x000001f0bb7db7f0, 0x000001f0bb7dd230, 0x000001f0bbed1220, 0x000001f0bbed2c60,
0x000001f0bbed18b0, 0x000001f0bbed1f40, 0x000001f0bbecfe70, 0x000001f0bbed32f0,
0x000001f0bbed0b90, 0x000001f0bbed3980, 0x000001f0bbed0500, 0x000001f0bbed5a50,
0x000001f0bbed7490, 0x000001f0bbed53c0, 0x000001f0bbed60e0, 0x000001f0bbed4d30,
0x000001f0bbed6770, 0x000001f0bbed6e00, 0x000001f0bbed4010, 0x000001f0bbed46a0,
0x000001f0b743e860, 0x000001f0b743ce20, 0x000001f0b743e1d0, 0x000001f0b743d4b0,
0x000001f0b743db40, 0x000001f0bb7d8370, 0x000001f0bb7d8a00, 0x000001f0bb7d7ce0,
0x000001f0bb7d9720, 0x000001f0bb7d9db0, 0x000001f0b93e9e90, 0x000001f0b93e7dc0,
0x000001f0b93e8450, 0x000001f0b93e8ae0, 0x000001f0b93ea520, 0x000001f0b93e7730,
0x000001f0b93e9170, 0x000001f0b93e70a0, 0x000001f0b93ec5f0, 0x000001f0b93eabb0,
0x000001f0b93ebf60, 0x000001f0b93ecc80, 0x000001f0b93ed310, 0x000001f0b93eb8d0,
0x000001f0b93ed9a0, 0x000001f0b93ee030, 0x000001f0b93eb240, 0x000001f0b93ee6c0,
0x000001f0b9b968f0, 0x000001f0b9b93b00, 0x000001f0b9b94190, 0x000001f0b9b94820,
0x000001f0b9b93470, 0x000001f0b9b98330, 0x000001f0b9b94eb0, 0x000001f0b9b97610,
0x000001f0b9b97ca0, 0x000001f0b9b96260, 0x000001f0b9b95540, 0x000001f0b9b96f80,
0x000001f0b9b996e0, 0x000001f0b9b9aa90, 0x000001f0b9b99050, 0x000001f0b9b99d70,
0x000001f0bba33640, 0x000001f0bba301c0, 0x000001f0bba30850, 0x000001f0bba34360,
0x000001f0c244c5d0, 0x000001f0c244cc60, 0x000001f0c244ed30, 0x000001f0c3389a50,
0x000001f0c244e6a0, 0x000001f0c2453bf0, 0x000001f0c337dc00, 0x000001f0bba39220,
0x000001f0bba37e70, 0x000001f0bba35da0, 0x000001f0bba3a5d0, 0x000001f0bba32290,
0x000001f0bba3c6a0, 0x000001f0bba3cd30, 0x000001f0bba398b0, 0x000001f0bba3c010,
0x000001f0bba3e0e0, 0x000001f0bba3e770, 0x000001f0bba3d3c0, 0x000001f0c7b9f970
}

Java Threads: ( => current thread )
  0x000001f0f8483c80 JavaThread "main"                              [_thread_blocked, id=28664, stack(0x000000b687b00000,0x000000b687c00000) (1024K)]
  0x000001f0fdae8b30 JavaThread "Reference Handler"          daemon [_thread_blocked, id=2964, stack(0x000000b688300000,0x000000b688400000) (1024K)]
  0x000001f0fdae9580 JavaThread "Finalizer"                  daemon [_thread_blocked, id=8488, stack(0x000000b688400000,0x000000b688500000) (1024K)]
  0x000001f0fdaed510 JavaThread "Signal Dispatcher"          daemon [_thread_blocked, id=25208, stack(0x000000b688500000,0x000000b688600000) (1024K)]
  0x000001f0fdaee310 JavaThread "Attach Listener"            daemon [_thread_blocked, id=17368, stack(0x000000b688600000,0x000000b688700000) (1024K)]
  0x000001f0fdaf5520 JavaThread "Service Thread"             daemon [_thread_blocked, id=2440, stack(0x000000b688700000,0x000000b688800000) (1024K)]
  0x000001f0fdaf5f70 JavaThread "Monitor Deflation Thread"   daemon [_thread_blocked, id=25852, stack(0x000000b688800000,0x000000b688900000) (1024K)]
  0x000001f0fdaf7d60 JavaThread "C2 CompilerThread0"         daemon [_thread_in_native, id=25204, stack(0x000000b688900000,0x000000b688a00000) (1024K)]
  0x000001f0fdafe740 JavaThread "C1 CompilerThread0"         daemon [_thread_blocked, id=23756, stack(0x000000b688a00000,0x000000b688b00000) (1024K)]
  0x000001f0fdab4fd0 JavaThread "Common-Cleaner"             daemon [_thread_blocked, id=20492, stack(0x000000b688b00000,0x000000b688c00000) (1024K)]
  0x000001f097957a20 JavaThread "Notification Thread"        daemon [_thread_blocked, id=25068, stack(0x000000b688c00000,0x000000b688d00000) (1024K)]
  0x000001f0b8d52b30 JavaThread "Daemon health stats"               [_thread_blocked, id=26152, stack(0x000000b689400000,0x000000b689500000) (1024K)]
  0x000001f0b8d35af0 JavaThread "Incoming local TCP Connector on port 56294"        [_thread_in_native, id=27716, stack(0x000000b689500000,0x000000b689600000) (1024K)]
  0x000001f0b8ffc2f0 JavaThread "Daemon periodic checks"            [_thread_blocked, id=16172, stack(0x000000b688e00000,0x000000b688f00000) (1024K)]
  0x000001f0b8d4d530 JavaThread "Daemon"                            [_thread_blocked, id=18700, stack(0x000000b689600000,0x000000b689700000) (1024K)]
  0x000001f0b8d4df60 JavaThread "Handler for socket connection from /127.0.0.1:56294 to /127.0.0.1:56295"        [_thread_in_native, id=26900, stack(0x000000b689700000,0x000000b689800000) (1024K)]
  0x000001f0b8ed8b00 JavaThread "Cancel handler"                    [_thread_blocked, id=20116, stack(0x000000b689800000,0x000000b689900000) (1024K)]
  0x000001f0b8d1bbb0 JavaThread "Daemon worker"                     [_thread_blocked, id=17356, stack(0x000000b689900000,0x000000b689a00000) (1024K)]
  0x000001f0b8de09c0 JavaThread "Asynchronous log dispatcher for DefaultDaemonConnection: socket connection from /127.0.0.1:56294 to /127.0.0.1:56295"        [_thread_blocked, id=12116, stack(0x000000b689a00000,0x000000b689b00000) (1024K)]
  0x000001f0b8de1050 JavaThread "Stdin handler"                     [_thread_blocked, id=19524, stack(0x000000b689b00000,0x000000b689c00000) (1024K)]
  0x000001f0b8de37b0 JavaThread "Daemon client event forwarder"        [_thread_blocked, id=26364, stack(0x000000b689c00000,0x000000b689d00000) (1024K)]
  0x000001f0b8de16e0 JavaThread "Cache worker for journal cache (C:\Users\USER\.gradle\caches\journal-1)"        [_thread_blocked, id=26804, stack(0x000000b689d00000,0x000000b689e00000) (1024K)]
  0x000001f0b8de2400 JavaThread "File lock request listener"        [_thread_in_native, id=28624, stack(0x000000b689e00000,0x000000b689f00000) (1024K)]
  0x000001f0b8de1d70 JavaThread "Cache worker for file hash cache (C:\Users\USER\.gradle\caches\8.14.1\fileHashes)"        [_thread_blocked, id=23760, stack(0x000000b689f00000,0x000000b68a000000) (1024K)]
  0x000001f0b8de2a90 JavaThread "Cache worker for file hash cache (C:\rn\ntb\android\.gradle\8.14.1\fileHashes)"        [_thread_blocked, id=24816, stack(0x000000b68a400000,0x000000b68a500000) (1024K)]
  0x000001f0b8de3120 JavaThread "Cache worker for Build Output Cleanup Cache (C:\rn\ntb\android\.gradle\buildOutputCleanup)"        [_thread_blocked, id=10052, stack(0x000000b68a500000,0x000000b68a600000) (1024K)]
  0x000001f0b8de0330 JavaThread "File watcher server"        daemon [_thread_in_native, id=20092, stack(0x000000b68a600000,0x000000b68a700000) (1024K)]
  0x000001f0b93d0410 JavaThread "File watcher consumer"      daemon [_thread_blocked, id=21420, stack(0x000000b68a700000,0x000000b68a800000) (1024K)]
  0x000001f0b93cf060 JavaThread "jar transforms"                    [_thread_blocked, id=19488, stack(0x000000b68a800000,0x000000b68a900000) (1024K)]
  0x000001f0b93d24e0 JavaThread "Cache worker for checksums cache (C:\rn\ntb\android\.gradle\8.14.1\checksums)"        [_thread_blocked, id=10700, stack(0x000000b68a000000,0x000000b68a100000) (1024K)]
  0x000001f0b93d0aa0 JavaThread "Cache worker for file content cache (C:\Users\USER\.gradle\caches\8.14.1\fileContent)"        [_thread_blocked, id=28484, stack(0x000000b68a900000,0x000000b68aa00000) (1024K)]
  0x000001f0b93d17c0 JavaThread "Cache worker for cache directory md-supplier (C:\Users\USER\.gradle\caches\8.14.1\md-supplier)"        [_thread_blocked, id=8372, stack(0x000000b68ab00000,0x000000b68ac00000) (1024K)]
  0x000001f0b93d3200 JavaThread "Cache worker for cache directory md-rule (C:\Users\USER\.gradle\caches\8.14.1\md-rule)"        [_thread_blocked, id=25288, stack(0x000000b68ac00000,0x000000b68ad00000) (1024K)]
  0x000001f0b93d2b70 JavaThread "Cache worker for Build Output Cleanup Cache (C:\rn\ntb\node_modules\@react-native\gradle-plugin\.gradle\buildOutputCleanup)"        [_thread_blocked, id=6132, stack(0x000000b68ad00000,0x000000b68ae00000) (1024K)]
  0x000001f0b93d1e50 JavaThread "Unconstrained build operations"        [_thread_blocked, id=27448, stack(0x000000b68aa00000,0x000000b68ab00000) (1024K)]
  0x000001f0b93cfd80 JavaThread "Unconstrained build operations Thread 2"        [_thread_blocked, id=27572, stack(0x000000b68ae00000,0x000000b68af00000) (1024K)]
  0x000001f0b93d3890 JavaThread "Unconstrained build operations Thread 3"        [_thread_blocked, id=4468, stack(0x000000b68af00000,0x000000b68b000000) (1024K)]
  0x000001f0b93d45b0 JavaThread "Unconstrained build operations Thread 4"        [_thread_blocked, id=16760, stack(0x000000b68b000000,0x000000b68b100000) (1024K)]
  0x000001f0b93d4c40 JavaThread "Unconstrained build operations Thread 5"        [_thread_blocked, id=23600, stack(0x000000b68b100000,0x000000b68b200000) (1024K)]
  0x000001f0b93d3f20 JavaThread "Unconstrained build operations Thread 6"        [_thread_blocked, id=2584, stack(0x000000b68b200000,0x000000b68b300000) (1024K)]
  0x000001f0badf0d70 JavaThread "Unconstrained build operations Thread 7"        [_thread_blocked, id=5436, stack(0x000000b68b400000,0x000000b68b500000) (1024K)]
  0x000001f0badf0050 JavaThread "Unconstrained build operations Thread 8"        [_thread_blocked, id=25300, stack(0x000000b68b500000,0x000000b68b600000) (1024K)]
  0x000001f0badf2e40 JavaThread "Unconstrained build operations Thread 9"        [_thread_blocked, id=28456, stack(0x000000b68b600000,0x000000b68b700000) (1024K)]
  0x000001f0badf2120 JavaThread "Unconstrained build operations Thread 10"        [_thread_blocked, id=12744, stack(0x000000b68b700000,0x000000b68b800000) (1024K)]
  0x000001f0badf1a90 JavaThread "Unconstrained build operations Thread 11"        [_thread_blocked, id=20752, stack(0x000000b68b800000,0x000000b68b900000) (1024K)]
  0x000001f0badf27b0 JavaThread "Unconstrained build operations Thread 12"        [_thread_blocked, id=27380, stack(0x000000b68b900000,0x000000b68ba00000) (1024K)]
  0x000001f0badf34d0 JavaThread "Unconstrained build operations Thread 13"        [_thread_blocked, id=18436, stack(0x000000b68ba00000,0x000000b68bb00000) (1024K)]
  0x000001f0badf3b60 JavaThread "Unconstrained build operations Thread 14"        [_thread_blocked, id=23360, stack(0x000000b68bb00000,0x000000b68bc00000) (1024K)]
  0x000001f0badf06e0 JavaThread "Unconstrained build operations Thread 15"        [_thread_blocked, id=7676, stack(0x000000b68bc00000,0x000000b68bd00000) (1024K)]
  0x000001f0badf41f0 JavaThread "Unconstrained build operations Thread 16"        [_thread_blocked, id=24104, stack(0x000000b68bd00000,0x000000b68be00000) (1024K)]
  0x000001f0badf4880 JavaThread "Unconstrained build operations Thread 17"        [_thread_blocked, id=25848, stack(0x000000b68be00000,0x000000b68bf00000) (1024K)]
  0x000001f0badf1400 JavaThread "Unconstrained build operations Thread 18"        [_thread_blocked, id=25336, stack(0x000000b68bf00000,0x000000b68c000000) (1024K)]
  0x000001f0badf4f10 JavaThread "Unconstrained build operations Thread 19"        [_thread_blocked, id=18584, stack(0x000000b68c000000,0x000000b68c100000) (1024K)]
  0x000001f0badf55a0 JavaThread "Unconstrained build operations Thread 20"        [_thread_blocked, id=23232, stack(0x000000b68c100000,0x000000b68c200000) (1024K)]
  0x000001f0badf62c0 JavaThread "Unconstrained build operations Thread 21"        [_thread_blocked, id=15616, stack(0x000000b68c200000,0x000000b68c300000) (1024K)]
  0x000001f0badf6950 JavaThread "Unconstrained build operations Thread 22"        [_thread_blocked, id=12924, stack(0x000000b68c300000,0x000000b68c400000) (1024K)]
  0x000001f0badf7670 JavaThread "Unconstrained build operations Thread 23"        [_thread_blocked, id=28604, stack(0x000000b68c400000,0x000000b68c500000) (1024K)]
  0x000001f0badf6fe0 JavaThread "Unconstrained build operations Thread 24"        [_thread_blocked, id=5540, stack(0x000000b68c500000,0x000000b68c600000) (1024K)]
  0x000001f0b93d6680 JavaThread "Unconstrained build operations Thread 25"        [_thread_blocked, id=2936, stack(0x000000b68c600000,0x000000b68c700000) (1024K)]
  0x000001f0b743a030 JavaThread "Unconstrained build operations Thread 26"        [_thread_blocked, id=15728, stack(0x000000b68c700000,0x000000b68c800000) (1024K)]
  0x000001f0b743ba70 JavaThread "Unconstrained build operations Thread 27"        [_thread_blocked, id=27452, stack(0x000000b68c800000,0x000000b68c900000) (1024K)]
  0x000001f0b74399a0 JavaThread "build event listener"              [_thread_blocked, id=23668, stack(0x000000b68b300000,0x000000b68b400000) (1024K)]
  0x000001f0b743f580 JavaThread "Memory manager"                    [_thread_blocked, id=10988, stack(0x000000b68c900000,0x000000b68ca00000) (1024K)]
  0x000001f0bb7d7650 JavaThread "ForkJoinPool.commonPool-worker-1" daemon [_thread_blocked, id=15744, stack(0x000000b68ca00000,0x000000b68cb00000) (1024K)]
  0x000001f0bb7da440 JavaThread "ForkJoinPool.commonPool-worker-2" daemon [_thread_blocked, id=26248, stack(0x000000b68cb00000,0x000000b68cc00000) (1024K)]
  0x000001f0bb7d6fc0 JavaThread "ForkJoinPool.commonPool-worker-3" daemon [_thread_blocked, id=16732, stack(0x000000b68cc00000,0x000000b68cd00000) (1024K)]
  0x000001f0bb7db160 JavaThread "ForkJoinPool.commonPool-worker-5" daemon [_thread_blocked, id=18068, stack(0x000000b68ce00000,0x000000b68cf00000) (1024K)]
  0x000001f0bb7dbe80 JavaThread "ForkJoinPool.commonPool-worker-6" daemon [_thread_blocked, id=9412, stack(0x000000b68cf00000,0x000000b68d000000) (1024K)]
  0x000001f0bb7db7f0 JavaThread "ForkJoinPool.commonPool-worker-7" daemon [_thread_blocked, id=27364, stack(0x000000b68d000000,0x000000b68d100000) (1024K)]
  0x000001f0bb7dd230 JavaThread "Execution worker"                  [_thread_blocked, id=21064, stack(0x000000b68d500000,0x000000b68d600000) (1024K)]
  0x000001f0bbed1220 JavaThread "Execution worker Thread 2"         [_thread_blocked, id=5308, stack(0x000000b68d600000,0x000000b68d700000) (1024K)]
  0x000001f0bbed2c60 JavaThread "Execution worker Thread 3"         [_thread_blocked, id=25972, stack(0x000000b68d700000,0x000000b68d800000) (1024K)]
  0x000001f0bbed18b0 JavaThread "Execution worker Thread 4"         [_thread_blocked, id=3420, stack(0x000000b68d800000,0x000000b68d900000) (1024K)]
  0x000001f0bbed1f40 JavaThread "Execution worker Thread 5"         [_thread_blocked, id=20020, stack(0x000000b68d900000,0x000000b68da00000) (1024K)]
  0x000001f0bbecfe70 JavaThread "Execution worker Thread 6"         [_thread_blocked, id=15368, stack(0x000000b68da00000,0x000000b68db00000) (1024K)]
  0x000001f0bbed32f0 JavaThread "Execution worker Thread 7"         [_thread_blocked, id=15364, stack(0x000000b68db00000,0x000000b68dc00000) (1024K)]
  0x000001f0bbed0b90 JavaThread "Cache worker for execution history cache (C:\rn\ntb\node_modules\@react-native\gradle-plugin\.gradle\8.14.1\executionHistory)"        [_thread_blocked, id=21300, stack(0x000000b68dc00000,0x000000b68dd00000) (1024K)]
  0x000001f0bbed3980 JavaThread "Unconstrained build operations Thread 28"        [_thread_blocked, id=4768, stack(0x000000b68dd00000,0x000000b68de00000) (1024K)]
  0x000001f0bbed0500 JavaThread "Unconstrained build operations Thread 29"        [_thread_blocked, id=27692, stack(0x000000b68de00000,0x000000b68df00000) (1024K)]
  0x000001f0bbed5a50 JavaThread "Unconstrained build operations Thread 30"        [_thread_blocked, id=14100, stack(0x000000b68df00000,0x000000b68e000000) (1024K)]
  0x000001f0bbed7490 JavaThread "Unconstrained build operations Thread 31"        [_thread_blocked, id=21644, stack(0x000000b68e000000,0x000000b68e100000) (1024K)]
  0x000001f0bbed53c0 JavaThread "Unconstrained build operations Thread 32"        [_thread_blocked, id=16700, stack(0x000000b68e100000,0x000000b68e200000) (1024K)]
  0x000001f0bbed60e0 JavaThread "Unconstrained build operations Thread 33"        [_thread_blocked, id=13856, stack(0x000000b68e200000,0x000000b68e300000) (1024K)]
  0x000001f0bbed4d30 JavaThread "Unconstrained build operations Thread 34"        [_thread_blocked, id=25340, stack(0x000000b68e300000,0x000000b68e400000) (1024K)]
  0x000001f0bbed6770 JavaThread "Unconstrained build operations Thread 35"        [_thread_blocked, id=3564, stack(0x000000b68e400000,0x000000b68e500000) (1024K)]
  0x000001f0bbed6e00 JavaThread "Unconstrained build operations Thread 36"        [_thread_blocked, id=21760, stack(0x000000b68e500000,0x000000b68e600000) (1024K)]
  0x000001f0bbed4010 JavaThread "Unconstrained build operations Thread 37"        [_thread_blocked, id=27700, stack(0x000000b68e600000,0x000000b68e700000) (1024K)]
  0x000001f0bbed46a0 JavaThread "Unconstrained build operations Thread 38"        [_thread_blocked, id=27180, stack(0x000000b68e700000,0x000000b68e800000) (1024K)]
  0x000001f0b743e860 JavaThread "Unconstrained build operations Thread 39"        [_thread_blocked, id=8504, stack(0x000000b68e800000,0x000000b68e900000) (1024K)]
  0x000001f0b743ce20 JavaThread "Unconstrained build operations Thread 40"        [_thread_blocked, id=11260, stack(0x000000b68e900000,0x000000b68ea00000) (1024K)]
  0x000001f0b743e1d0 JavaThread "Unconstrained build operations Thread 41"        [_thread_blocked, id=26492, stack(0x000000b68ea00000,0x000000b68eb00000) (1024K)]
  0x000001f0b743d4b0 JavaThread "Unconstrained build operations Thread 42"        [_thread_blocked, id=22776, stack(0x000000b68eb00000,0x000000b68ec00000) (1024K)]
  0x000001f0b743db40 JavaThread "Unconstrained build operations Thread 43"        [_thread_blocked, id=27132, stack(0x000000b68ec00000,0x000000b68ed00000) (1024K)]
  0x000001f0bb7d8370 JavaThread "Unconstrained build operations Thread 44"        [_thread_blocked, id=27500, stack(0x000000b68ed00000,0x000000b68ee00000) (1024K)]
  0x000001f0bb7d8a00 JavaThread "Unconstrained build operations Thread 45"        [_thread_blocked, id=21184, stack(0x000000b68ee00000,0x000000b68ef00000) (1024K)]
  0x000001f0bb7d7ce0 JavaThread "Unconstrained build operations Thread 46"        [_thread_blocked, id=1552, stack(0x000000b68ef00000,0x000000b68f000000) (1024K)]
  0x000001f0bb7d9720 JavaThread "Unconstrained build operations Thread 47"        [_thread_blocked, id=16116, stack(0x000000b68f000000,0x000000b68f100000) (1024K)]
  0x000001f0bb7d9db0 JavaThread "Unconstrained build operations Thread 48"        [_thread_blocked, id=23912, stack(0x000000b68f100000,0x000000b68f200000) (1024K)]
  0x000001f0b93e9e90 JavaThread "Unconstrained build operations Thread 49"        [_thread_blocked, id=15844, stack(0x000000b68f200000,0x000000b68f300000) (1024K)]
  0x000001f0b93e7dc0 JavaThread "Unconstrained build operations Thread 50"        [_thread_blocked, id=13992, stack(0x000000b68f300000,0x000000b68f400000) (1024K)]
  0x000001f0b93e8450 JavaThread "Unconstrained build operations Thread 51"        [_thread_blocked, id=25120, stack(0x000000b68f400000,0x000000b68f500000) (1024K)]
  0x000001f0b93e8ae0 JavaThread "Unconstrained build operations Thread 52"        [_thread_blocked, id=2224, stack(0x000000b68f500000,0x000000b68f600000) (1024K)]
  0x000001f0b93ea520 JavaThread "Unconstrained build operations Thread 53"        [_thread_blocked, id=27444, stack(0x000000b68f600000,0x000000b68f700000) (1024K)]
  0x000001f0b93e7730 JavaThread "Unconstrained build operations Thread 54"        [_thread_blocked, id=15648, stack(0x000000b68f700000,0x000000b68f800000) (1024K)]
  0x000001f0b93e9170 JavaThread "Unconstrained build operations Thread 55"        [_thread_blocked, id=10716, stack(0x000000b68f800000,0x000000b68f900000) (1024K)]
  0x000001f0b93e70a0 JavaThread "Unconstrained build operations Thread 56"        [_thread_blocked, id=9012, stack(0x000000b68f900000,0x000000b68fa00000) (1024K)]
  0x000001f0b93ec5f0 JavaThread "Unconstrained build operations Thread 57"        [_thread_blocked, id=22484, stack(0x000000b68fa00000,0x000000b68fb00000) (1024K)]
  0x000001f0b93eabb0 JavaThread "Unconstrained build operations Thread 58"        [_thread_blocked, id=27652, stack(0x000000b68fb00000,0x000000b68fc00000) (1024K)]
  0x000001f0b93ebf60 JavaThread "Unconstrained build operations Thread 59"        [_thread_blocked, id=24400, stack(0x000000b68fc00000,0x000000b68fd00000) (1024K)]
  0x000001f0b93ecc80 JavaThread "Unconstrained build operations Thread 60"        [_thread_blocked, id=4824, stack(0x000000b68fd00000,0x000000b68fe00000) (1024K)]
  0x000001f0b93ed310 JavaThread "Unconstrained build operations Thread 61"        [_thread_blocked, id=27496, stack(0x000000b68fe00000,0x000000b68ff00000) (1024K)]
  0x000001f0b93eb8d0 JavaThread "Unconstrained build operations Thread 62"        [_thread_blocked, id=10676, stack(0x000000b68ff00000,0x000000b690000000) (1024K)]
  0x000001f0b93ed9a0 JavaThread "Unconstrained build operations Thread 63"        [_thread_blocked, id=25652, stack(0x000000b690000000,0x000000b690100000) (1024K)]
  0x000001f0b93ee030 JavaThread "Unconstrained build operations Thread 64"        [_thread_blocked, id=16916, stack(0x000000b690100000,0x000000b690200000) (1024K)]
  0x000001f0b93eb240 JavaThread "Unconstrained build operations Thread 65"        [_thread_blocked, id=9392, stack(0x000000b690200000,0x000000b690300000) (1024K)]
  0x000001f0b93ee6c0 JavaThread "Unconstrained build operations Thread 66"        [_thread_blocked, id=24132, stack(0x000000b690300000,0x000000b690400000) (1024K)]
  0x000001f0b9b968f0 JavaThread "Unconstrained build operations Thread 67"        [_thread_blocked, id=1776, stack(0x000000b690400000,0x000000b690500000) (1024K)]
  0x000001f0b9b93b00 JavaThread "Unconstrained build operations Thread 68"        [_thread_blocked, id=24092, stack(0x000000b690500000,0x000000b690600000) (1024K)]
  0x000001f0b9b94190 JavaThread "Unconstrained build operations Thread 69"        [_thread_blocked, id=23060, stack(0x000000b690600000,0x000000b690700000) (1024K)]
  0x000001f0b9b94820 JavaThread "Unconstrained build operations Thread 70"        [_thread_blocked, id=25428, stack(0x000000b690700000,0x000000b690800000) (1024K)]
  0x000001f0b9b93470 JavaThread "Unconstrained build operations Thread 71"        [_thread_blocked, id=21704, stack(0x000000b690800000,0x000000b690900000) (1024K)]
  0x000001f0b9b98330 JavaThread "Unconstrained build operations Thread 72"        [_thread_blocked, id=14684, stack(0x000000b690900000,0x000000b690a00000) (1024K)]
  0x000001f0b9b94eb0 JavaThread "Unconstrained build operations Thread 73"        [_thread_blocked, id=24736, stack(0x000000b690a00000,0x000000b690b00000) (1024K)]
  0x000001f0b9b97610 JavaThread "Unconstrained build operations Thread 74"        [_thread_blocked, id=20416, stack(0x000000b690b00000,0x000000b690c00000) (1024K)]
  0x000001f0b9b97ca0 JavaThread "Unconstrained build operations Thread 75"        [_thread_blocked, id=27428, stack(0x000000b690c00000,0x000000b690d00000) (1024K)]
  0x000001f0b9b96260 JavaThread "Unconstrained build operations Thread 76"        [_thread_blocked, id=23108, stack(0x000000b690d00000,0x000000b690e00000) (1024K)]
  0x000001f0b9b95540 JavaThread "Unconstrained build operations Thread 77"        [_thread_blocked, id=19724, stack(0x000000b690e00000,0x000000b690f00000) (1024K)]
  0x000001f0b9b96f80 JavaThread "jar transforms Thread 2"           [_thread_blocked, id=22160, stack(0x000000b690f00000,0x000000b691000000) (1024K)]
  0x000001f0b9b996e0 JavaThread "jar transforms Thread 3"           [_thread_blocked, id=25596, stack(0x000000b691000000,0x000000b691100000) (1024K)]
  0x000001f0b9b9aa90 JavaThread "Unconstrained build operations Thread 78"        [_thread_blocked, id=21768, stack(0x000000b688d00000,0x000000b688e00000) (1024K)]
  0x000001f0b9b99050 JavaThread "Unconstrained build operations Thread 79"        [_thread_blocked, id=20060, stack(0x000000b691100000,0x000000b691200000) (1024K)]
  0x000001f0b9b99d70 JavaThread "Unconstrained build operations Thread 80"        [_thread_blocked, id=26208, stack(0x000000b691200000,0x000000b691300000) (1024K)]
  0x000001f0bba33640 JavaThread "jar transforms Thread 4"           [_thread_blocked, id=26712, stack(0x000000b691400000,0x000000b691500000) (1024K)]
  0x000001f0bba301c0 JavaThread "jar transforms Thread 5"           [_thread_blocked, id=8956, stack(0x000000b691300000,0x000000b691400000) (1024K)]
  0x000001f0bba30850 JavaThread "jar transforms Thread 6"           [_thread_blocked, id=17732, stack(0x000000b691500000,0x000000b691600000) (1024K)]
  0x000001f0bba34360 JavaThread "Problems report writer"            [_thread_blocked, id=27964, stack(0x000000b691800000,0x000000b691900000) (1024K)]
  0x000001f0c244c5d0 JavaThread "build event listener"              [_thread_blocked, id=26260, stack(0x000000b691600000,0x000000b691700000) (1024K)]
  0x000001f0c244cc60 JavaThread "jar transforms Thread 7"           [_thread_blocked, id=18564, stack(0x000000b691700000,0x000000b691800000) (1024K)]
  0x000001f0c244ed30 JavaThread "jar transforms Thread 8"           [_thread_blocked, id=21044, stack(0x000000b691900000,0x000000b691a00000) (1024K)]
  0x000001f0c3389a50 JavaThread "Exec process"                      [_thread_blocked, id=18672, stack(0x000000b687900000,0x000000b687a00000) (1024K)]
  0x000001f0c244e6a0 JavaThread "Exec process Thread 2"             [_thread_blocked, id=21428, stack(0x000000b687a00000,0x000000b687b00000) (1024K)]
  0x000001f0c2453bf0 JavaThread "Exec process Thread 3"             [_thread_blocked, id=1444, stack(0x000000b691a00000,0x000000b691b00000) (1024K)]
  0x000001f0c337dc00 JavaThread "ForkJoinPool.commonPool-worker-8" daemon [_thread_blocked, id=6736, stack(0x000000b68d100000,0x000000b68d200000) (1024K)]
  0x000001f0bba39220 JavaThread "pool-3-thread-1"                   [_thread_blocked, id=2180, stack(0x000000b68d200000,0x000000b68d300000) (1024K)]
  0x000001f0bba37e70 JavaThread "build event listener"              [_thread_blocked, id=19064, stack(0x000000b68d300000,0x000000b68d400000) (1024K)]
  0x000001f0bba35da0 JavaThread "included builds Thread 2"          [_thread_in_native, id=5364, stack(0x000000b68d400000,0x000000b68d500000) (1024K)]
  0x000001f0bba3a5d0 JavaThread "Cache worker for execution history cache (C:\rn\ntb\android\.gradle\8.14.1\executionHistory)"        [_thread_blocked, id=27224, stack(0x000000b687800000,0x000000b687900000) (1024K)]
  0x000001f0bba32290 JavaThread "Cache worker for Java compile cache (C:\Users\USER\.gradle\caches\8.14.1\javaCompile)"        [_thread_blocked, id=27868, stack(0x000000b691f00000,0x000000b692000000) (1024K)]
  0x000001f0bba3c6a0 JavaThread "Build operations"                  [_thread_blocked, id=26188, stack(0x000000b692000000,0x000000b692100000) (1024K)]
  0x000001f0bba3cd30 JavaThread "Build operations Thread 2"         [_thread_blocked, id=10904, stack(0x000000b692100000,0x000000b692200000) (1024K)]
  0x000001f0bba398b0 JavaThread "Build operations Thread 3"         [_thread_blocked, id=17880, stack(0x000000b692200000,0x000000b692300000) (1024K)]
  0x000001f0bba3c010 JavaThread "Build operations Thread 4"         [_thread_blocked, id=26192, stack(0x000000b692300000,0x000000b692400000) (1024K)]
  0x000001f0bba3e0e0 JavaThread "Build operations Thread 5"         [_thread_blocked, id=4884, stack(0x000000b692400000,0x000000b692500000) (1024K)]
  0x000001f0bba3e770 JavaThread "Build operations Thread 6"         [_thread_blocked, id=20080, stack(0x000000b692500000,0x000000b692600000) (1024K)]
  0x000001f0bba3d3c0 JavaThread "Build operations Thread 7"         [_thread_blocked, id=24008, stack(0x000000b692600000,0x000000b692700000) (1024K)]
=>0x000001f0c7b9f970 JavaThread "C2 CompilerThread1"         daemon [_thread_in_native, id=28656, stack(0x000000b68cd00000,0x000000b68ce00000) (1024K)]
Total: 156

Other Threads:
  0x000001f0fdac6640 VMThread "VM Thread"                           [id=23384, stack(0x000000b688200000,0x000000b688300000) (1024K)]
  0x000001f0976c10a0 WatcherThread "VM Periodic Task Thread"        [id=20320, stack(0x000000b688100000,0x000000b688200000) (1024K)]
  0x000001f0f84dbd60 WorkerThread "GC Thread#0"                     [id=21608, stack(0x000000b687c00000,0x000000b687d00000) (1024K)]
  0x000001f0b7108440 WorkerThread "GC Thread#1"                     [id=23292, stack(0x000000b688f00000,0x000000b689000000) (1024K)]
  0x000001f0b71087e0 WorkerThread "GC Thread#2"                     [id=7664, stack(0x000000b689000000,0x000000b689100000) (1024K)]
  0x000001f0b76077f0 WorkerThread "GC Thread#3"                     [id=28152, stack(0x000000b689100000,0x000000b689200000) (1024K)]
  0x000001f0b72f8130 WorkerThread "GC Thread#4"                     [id=20340, stack(0x000000b689200000,0x000000b689300000) (1024K)]
  0x000001f0b72f84d0 WorkerThread "GC Thread#5"                     [id=3044, stack(0x000000b689300000,0x000000b689400000) (1024K)]
  0x000001f0b9163840 WorkerThread "GC Thread#6"                     [id=16632, stack(0x000000b68a100000,0x000000b68a200000) (1024K)]
  0x000001f0b9162280 WorkerThread "GC Thread#7"                     [id=19984, stack(0x000000b68a200000,0x000000b68a300000) (1024K)]
  0x000001f0f84eddc0 ConcurrentGCThread "G1 Main Marker"            [id=23092, stack(0x000000b687d00000,0x000000b687e00000) (1024K)]
  0x000001f0f84f13b0 WorkerThread "G1 Conc#0"                       [id=23644, stack(0x000000b687e00000,0x000000b687f00000) (1024K)]
  0x000001f0b9162d60 WorkerThread "G1 Conc#1"                       [id=25220, stack(0x000000b68a300000,0x000000b68a400000) (1024K)]
  0x000001f0fda06e60 ConcurrentGCThread "G1 Refine#0"               [id=13228, stack(0x000000b687f00000,0x000000b688000000) (1024K)]
  0x000001f0fda07680 ConcurrentGCThread "G1 Service"                [id=16396, stack(0x000000b688000000,0x000000b688100000) (1024K)]
Total: 15

Threads with active compile tasks:
C2 CompilerThread0  142417 27732       4       org.gradle.internal.classloader.ConfigurableClassLoaderHierarchyHasher$Visitor::visit (14 bytes)
C2 CompilerThread1  142417 27531   !   4       org.gradle.internal.snapshot.impl.DirectorySnapshotter::snapshot (118 bytes)
Total: 2

VM state: not at safepoint (normal execution)

VM Mutex/Monitor currently owned by a thread: None

Heap address: 0x0000000080000000, size: 2048 MB, Compressed Oops mode: 32-bit

CDS archive(s) mapped at: [0x000001f098000000-0x000001f098c80000-0x000001f098c80000), size 13107200, SharedBaseAddress: 0x000001f098000000, ArchiveRelocationMode: 1.
Compressed class space mapped at: 0x000001f099000000-0x000001f0b3000000, reserved size: 436207616
Narrow klass base: 0x000001f098000000, Narrow klass shift: 0, Narrow klass range: 0x100000000

GC Precious Log:
 CardTable entry size: 512
 Card Set container configuration: InlinePtr #cards 5 size 8 Array Of Cards #cards 12 size 40 Howl #buckets 4 coarsen threshold 1843 Howl Bitmap #cards 512 size 80 coarsen threshold 460 Card regions per heap region 1 cards per card region 2048
 CPUs: 8 total, 8 available
 Memory: 16198M
 Large Page Support: Disabled
 NUMA Support: Disabled
 Compressed Oops: Enabled (32-bit)
 Heap Region Size: 1M
 Heap Min Capacity: 8M
 Heap Initial Capacity: 254M
 Heap Max Capacity: 2G
 Pre-touch: Disabled
 Parallel Workers: 8
 Concurrent Workers: 2
 Concurrent Refinement Workers: 8
 Periodic GC: Disabled

Heap:
 garbage-first heap   total 608256K, used 461599K [0x0000000080000000, 0x0000000100000000)
  region size 1024K, 106 young (108544K), 11 survivors (11264K)
 Metaspace       used 149776K, committed 152960K, reserved 622592K
  class space    used 20127K, committed 21632K, reserved 425984K

Heap Regions: E=young(eden), S=young(survivor), O=old, HS=humongous(starts), HC=humongous(continues), CS=collection set, F=free, TAMS=top-at-mark-start, PB=parsable bottom
|   0|0x0000000080000000, 0x0000000080100000, 0x0000000080100000|100%|HS|  |TAMS 0x0000000080000000| PB 0x0000000080000000| Complete 
|   1|0x0000000080100000, 0x0000000080200000, 0x0000000080200000|100%|HC|  |TAMS 0x0000000080100000| PB 0x0000000080100000| Complete 
|   2|0x0000000080200000, 0x0000000080300000, 0x0000000080300000|100%|HC|  |TAMS 0x0000000080200000| PB 0x0000000080200000| Complete 
|   3|0x0000000080300000, 0x0000000080400000, 0x0000000080400000|100%| O|  |TAMS 0x0000000080300000| PB 0x0000000080300000| Untracked 
|   4|0x0000000080400000, 0x0000000080500000, 0x0000000080500000|100%| O|  |TAMS 0x0000000080400000| PB 0x0000000080400000| Untracked 
|   5|0x0000000080500000, 0x0000000080600000, 0x0000000080600000|100%| O|  |TAMS 0x0000000080500000| PB 0x0000000080500000| Untracked 
|   6|0x0000000080600000, 0x0000000080700000, 0x0000000080700000|100%|HS|  |TAMS 0x0000000080600000| PB 0x0000000080600000| Complete 
|   7|0x0000000080700000, 0x0000000080800000, 0x0000000080800000|100%| O|  |TAMS 0x0000000080700000| PB 0x0000000080700000| Untracked 
|   8|0x0000000080800000, 0x0000000080900000, 0x0000000080900000|100%| O|  |TAMS 0x0000000080800000| PB 0x0000000080800000| Untracked 
|   9|0x0000000080900000, 0x0000000080a00000, 0x0000000080a00000|100%| O|  |TAMS 0x0000000080900000| PB 0x0000000080900000| Untracked 
|  10|0x0000000080a00000, 0x0000000080b00000, 0x0000000080b00000|100%| O|  |TAMS 0x0000000080a00000| PB 0x0000000080a00000| Untracked 
|  11|0x0000000080b00000, 0x0000000080c00000, 0x0000000080c00000|100%| O|  |TAMS 0x0000000080b00000| PB 0x0000000080b00000| Untracked 
|  12|0x0000000080c00000, 0x0000000080d00000, 0x0000000080d00000|100%| O|  |TAMS 0x0000000080c00000| PB 0x0000000080c00000| Untracked 
|  13|0x0000000080d00000, 0x0000000080e00000, 0x0000000080e00000|100%| O|  |TAMS 0x0000000080d00000| PB 0x0000000080d00000| Untracked 
|  14|0x0000000080e00000, 0x0000000080f00000, 0x0000000080f00000|100%| O|  |TAMS 0x0000000080e00000| PB 0x0000000080e00000| Untracked 
|  15|0x0000000080f00000, 0x0000000081000000, 0x0000000081000000|100%| O|  |TAMS 0x0000000080f00000| PB 0x0000000080f00000| Untracked 
|  16|0x0000000081000000, 0x0000000081100000, 0x0000000081100000|100%| O|  |TAMS 0x0000000081000000| PB 0x0000000081000000| Untracked 
|  17|0x0000000081100000, 0x0000000081200000, 0x0000000081200000|100%| O|  |TAMS 0x0000000081100000| PB 0x0000000081100000| Untracked 
|  18|0x0000000081200000, 0x0000000081300000, 0x0000000081300000|100%| O|  |TAMS 0x0000000081200000| PB 0x0000000081200000| Untracked 
|  19|0x0000000081300000, 0x0000000081400000, 0x0000000081400000|100%| O|  |TAMS 0x0000000081300000| PB 0x0000000081300000| Untracked 
|  20|0x0000000081400000, 0x0000000081500000, 0x0000000081500000|100%| O|  |TAMS 0x0000000081400000| PB 0x0000000081400000| Untracked 
|  21|0x0000000081500000, 0x0000000081600000, 0x0000000081600000|100%| O|  |TAMS 0x0000000081500000| PB 0x0000000081500000| Untracked 
|  22|0x0000000081600000, 0x0000000081700000, 0x0000000081700000|100%| O|  |TAMS 0x0000000081600000| PB 0x0000000081600000| Untracked 
|  23|0x0000000081700000, 0x0000000081800000, 0x0000000081800000|100%| O|  |TAMS 0x0000000081700000| PB 0x0000000081700000| Untracked 
|  24|0x0000000081800000, 0x0000000081900000, 0x0000000081900000|100%| O|  |TAMS 0x0000000081800000| PB 0x0000000081800000| Untracked 
|  25|0x0000000081900000, 0x0000000081a00000, 0x0000000081a00000|100%| O|  |TAMS 0x0000000081900000| PB 0x0000000081900000| Untracked 
|  26|0x0000000081a00000, 0x0000000081b00000, 0x0000000081b00000|100%| O|  |TAMS 0x0000000081a00000| PB 0x0000000081a00000| Untracked 
|  27|0x0000000081b00000, 0x0000000081c00000, 0x0000000081c00000|100%| O|  |TAMS 0x0000000081b00000| PB 0x0000000081b00000| Untracked 
|  28|0x0000000081c00000, 0x0000000081d00000, 0x0000000081d00000|100%| O|  |TAMS 0x0000000081c00000| PB 0x0000000081c00000| Untracked 
|  29|0x0000000081d00000, 0x0000000081e00000, 0x0000000081e00000|100%| O|  |TAMS 0x0000000081d00000| PB 0x0000000081d00000| Untracked 
|  30|0x0000000081e00000, 0x0000000081f00000, 0x0000000081f00000|100%| O|  |TAMS 0x0000000081e00000| PB 0x0000000081e00000| Untracked 
|  31|0x0000000081f00000, 0x0000000082000000, 0x0000000082000000|100%| O|  |TAMS 0x0000000081f00000| PB 0x0000000081f00000| Untracked 
|  32|0x0000000082000000, 0x0000000082100000, 0x0000000082100000|100%| O|  |TAMS 0x0000000082000000| PB 0x0000000082000000| Untracked 
|  33|0x0000000082100000, 0x0000000082200000, 0x0000000082200000|100%| O|  |TAMS 0x0000000082100000| PB 0x0000000082100000| Untracked 
|  34|0x0000000082200000, 0x0000000082300000, 0x0000000082300000|100%| O|  |TAMS 0x0000000082200000| PB 0x0000000082200000| Untracked 
|  35|0x0000000082300000, 0x0000000082400000, 0x0000000082400000|100%| O|  |TAMS 0x0000000082300000| PB 0x0000000082300000| Untracked 
|  36|0x0000000082400000, 0x0000000082500000, 0x0000000082500000|100%| O|  |TAMS 0x0000000082400000| PB 0x0000000082400000| Untracked 
|  37|0x0000000082500000, 0x0000000082600000, 0x0000000082600000|100%| O|  |TAMS 0x0000000082500000| PB 0x0000000082500000| Untracked 
|  38|0x0000000082600000, 0x0000000082700000, 0x0000000082700000|100%| O|  |TAMS 0x0000000082600000| PB 0x0000000082600000| Untracked 
|  39|0x0000000082700000, 0x0000000082800000, 0x0000000082800000|100%| O|  |TAMS 0x0000000082700000| PB 0x0000000082700000| Untracked 
|  40|0x0000000082800000, 0x0000000082900000, 0x0000000082900000|100%| O|  |TAMS 0x0000000082800000| PB 0x0000000082800000| Untracked 
|  41|0x0000000082900000, 0x0000000082a00000, 0x0000000082a00000|100%| O|  |TAMS 0x0000000082900000| PB 0x0000000082900000| Untracked 
|  42|0x0000000082a00000, 0x0000000082b00000, 0x0000000082b00000|100%| O|  |TAMS 0x0000000082a00000| PB 0x0000000082a00000| Untracked 
|  43|0x0000000082b00000, 0x0000000082c00000, 0x0000000082c00000|100%| O|  |TAMS 0x0000000082b00000| PB 0x0000000082b00000| Untracked 
|  44|0x0000000082c00000, 0x0000000082d00000, 0x0000000082d00000|100%| O|  |TAMS 0x0000000082c00000| PB 0x0000000082c00000| Untracked 
|  45|0x0000000082d00000, 0x0000000082e00000, 0x0000000082e00000|100%| O|  |TAMS 0x0000000082d00000| PB 0x0000000082d00000| Untracked 
|  46|0x0000000082e00000, 0x0000000082f00000, 0x0000000082f00000|100%| O|  |TAMS 0x0000000082e00000| PB 0x0000000082e00000| Untracked 
|  47|0x0000000082f00000, 0x0000000083000000, 0x0000000083000000|100%|HS|  |TAMS 0x0000000082f00000| PB 0x0000000082f00000| Complete 
|  48|0x0000000083000000, 0x0000000083100000, 0x0000000083100000|100%|HC|  |TAMS 0x0000000083000000| PB 0x0000000083000000| Complete 
|  49|0x0000000083100000, 0x0000000083200000, 0x0000000083200000|100%|HC|  |TAMS 0x0000000083100000| PB 0x0000000083100000| Complete 
|  50|0x0000000083200000, 0x0000000083300000, 0x0000000083300000|100%|HS|  |TAMS 0x0000000083200000| PB 0x0000000083200000| Complete 
|  51|0x0000000083300000, 0x0000000083400000, 0x0000000083400000|100%|HC|  |TAMS 0x0000000083300000| PB 0x0000000083300000| Complete 
|  52|0x0000000083400000, 0x0000000083500000, 0x0000000083500000|100%|HC|  |TAMS 0x0000000083400000| PB 0x0000000083400000| Complete 
|  53|0x0000000083500000, 0x0000000083600000, 0x0000000083600000|100%|HS|  |TAMS 0x0000000083500000| PB 0x0000000083500000| Complete 
|  54|0x0000000083600000, 0x0000000083700000, 0x0000000083700000|100%| O|  |TAMS 0x0000000083600000| PB 0x0000000083600000| Untracked 
|  55|0x0000000083700000, 0x0000000083800000, 0x0000000083800000|100%| O|  |TAMS 0x0000000083700000| PB 0x0000000083700000| Untracked 
|  56|0x0000000083800000, 0x0000000083900000, 0x0000000083900000|100%| O|  |TAMS 0x0000000083800000| PB 0x0000000083800000| Untracked 
|  57|0x0000000083900000, 0x0000000083a00000, 0x0000000083a00000|100%| O|  |TAMS 0x0000000083900000| PB 0x0000000083900000| Untracked 
|  58|0x0000000083a00000, 0x0000000083b00000, 0x0000000083b00000|100%| O|  |TAMS 0x0000000083a00000| PB 0x0000000083a00000| Untracked 
|  59|0x0000000083b00000, 0x0000000083c00000, 0x0000000083c00000|100%| O|  |TAMS 0x0000000083b00000| PB 0x0000000083b00000| Untracked 
|  60|0x0000000083c00000, 0x0000000083d00000, 0x0000000083d00000|100%| O|  |TAMS 0x0000000083c00000| PB 0x0000000083c00000| Untracked 
|  61|0x0000000083d00000, 0x0000000083e00000, 0x0000000083e00000|100%| O|  |TAMS 0x0000000083d00000| PB 0x0000000083d00000| Untracked 
|  62|0x0000000083e00000, 0x0000000083f00000, 0x0000000083f00000|100%|HS|  |TAMS 0x0000000083e00000| PB 0x0000000083e00000| Complete 
|  63|0x0000000083f00000, 0x0000000084000000, 0x0000000084000000|100%| O|  |TAMS 0x0000000083f00000| PB 0x0000000083f00000| Untracked 
|  64|0x0000000084000000, 0x0000000084100000, 0x0000000084100000|100%| O|  |TAMS 0x0000000084000000| PB 0x0000000084000000| Untracked 
|  65|0x0000000084100000, 0x0000000084200000, 0x0000000084200000|100%| O|  |TAMS 0x0000000084100000| PB 0x0000000084100000| Untracked 
|  66|0x0000000084200000, 0x0000000084300000, 0x0000000084300000|100%| O|  |TAMS 0x0000000084200000| PB 0x0000000084200000| Untracked 
|  67|0x0000000084300000, 0x0000000084400000, 0x0000000084400000|100%| O|  |TAMS 0x0000000084300000| PB 0x0000000084300000| Untracked 
|  68|0x0000000084400000, 0x0000000084500000, 0x0000000084500000|100%| O|  |TAMS 0x0000000084400000| PB 0x0000000084400000| Untracked 
|  69|0x0000000084500000, 0x0000000084600000, 0x0000000084600000|100%| O|  |TAMS 0x0000000084500000| PB 0x0000000084500000| Untracked 
|  70|0x0000000084600000, 0x0000000084700000, 0x0000000084700000|100%| O|  |TAMS 0x0000000084600000| PB 0x0000000084600000| Untracked 
|  71|0x0000000084700000, 0x0000000084800000, 0x0000000084800000|100%| O|  |TAMS 0x0000000084700000| PB 0x0000000084700000| Untracked 
|  72|0x0000000084800000, 0x0000000084900000, 0x0000000084900000|100%| O|  |TAMS 0x0000000084800000| PB 0x0000000084800000| Untracked 
|  73|0x0000000084900000, 0x0000000084a00000, 0x0000000084a00000|100%| O|  |TAMS 0x0000000084900000| PB 0x0000000084900000| Untracked 
|  74|0x0000000084a00000, 0x0000000084b00000, 0x0000000084b00000|100%| O|  |TAMS 0x0000000084a00000| PB 0x0000000084a00000| Untracked 
|  75|0x0000000084b00000, 0x0000000084c00000, 0x0000000084c00000|100%| O|  |TAMS 0x0000000084b00000| PB 0x0000000084b00000| Untracked 
|  76|0x0000000084c00000, 0x0000000084d00000, 0x0000000084d00000|100%| O|  |TAMS 0x0000000084c00000| PB 0x0000000084c00000| Untracked 
|  77|0x0000000084d00000, 0x0000000084e00000, 0x0000000084e00000|100%| O|  |TAMS 0x0000000084d00000| PB 0x0000000084d00000| Untracked 
|  78|0x0000000084e00000, 0x0000000084f00000, 0x0000000084f00000|100%| O|  |TAMS 0x0000000084e00000| PB 0x0000000084e00000| Untracked 
|  79|0x0000000084f00000, 0x0000000085000000, 0x0000000085000000|100%|HS|  |TAMS 0x0000000084f00000| PB 0x0000000084f00000| Complete 
|  80|0x0000000085000000, 0x0000000085100000, 0x0000000085100000|100%|HS|  |TAMS 0x0000000085000000| PB 0x0000000085000000| Complete 
|  81|0x0000000085100000, 0x0000000085200000, 0x0000000085200000|100%| O|  |TAMS 0x0000000085100000| PB 0x0000000085100000| Untracked 
|  82|0x0000000085200000, 0x0000000085300000, 0x0000000085300000|100%|HS|  |TAMS 0x0000000085200000| PB 0x0000000085200000| Complete 
|  83|0x0000000085300000, 0x0000000085400000, 0x0000000085400000|100%|HS|  |TAMS 0x0000000085300000| PB 0x0000000085300000| Complete 
|  84|0x0000000085400000, 0x0000000085500000, 0x0000000085500000|100%| O|  |TAMS 0x0000000085400000| PB 0x0000000085400000| Untracked 
|  85|0x0000000085500000, 0x0000000085600000, 0x0000000085600000|100%| O|  |TAMS 0x0000000085500000| PB 0x0000000085500000| Untracked 
|  86|0x0000000085600000, 0x0000000085700000, 0x0000000085700000|100%| O|  |TAMS 0x0000000085600000| PB 0x0000000085600000| Untracked 
|  87|0x0000000085700000, 0x0000000085800000, 0x0000000085800000|100%| O|  |TAMS 0x0000000085700000| PB 0x0000000085700000| Untracked 
|  88|0x0000000085800000, 0x0000000085900000, 0x0000000085900000|100%| O|  |TAMS 0x0000000085800000| PB 0x0000000085800000| Untracked 
|  89|0x0000000085900000, 0x0000000085a00000, 0x0000000085a00000|100%| O|  |TAMS 0x0000000085900000| PB 0x0000000085900000| Untracked 
|  90|0x0000000085a00000, 0x0000000085b00000, 0x0000000085b00000|100%| O|  |TAMS 0x0000000085a00000| PB 0x0000000085a00000| Untracked 
|  91|0x0000000085b00000, 0x0000000085c00000, 0x0000000085c00000|100%| O|  |TAMS 0x0000000085b00000| PB 0x0000000085b00000| Untracked 
|  92|0x0000000085c00000, 0x0000000085d00000, 0x0000000085d00000|100%|HS|  |TAMS 0x0000000085c00000| PB 0x0000000085c00000| Complete 
|  93|0x0000000085d00000, 0x0000000085e00000, 0x0000000085e00000|100%| O|  |TAMS 0x0000000085d00000| PB 0x0000000085d00000| Untracked 
|  94|0x0000000085e00000, 0x0000000085f00000, 0x0000000085f00000|100%| O|  |TAMS 0x0000000085e00000| PB 0x0000000085e00000| Untracked 
|  95|0x0000000085f00000, 0x0000000086000000, 0x0000000086000000|100%| O|  |TAMS 0x0000000085f00000| PB 0x0000000085f00000| Untracked 
|  96|0x0000000086000000, 0x0000000086100000, 0x0000000086100000|100%|HS|  |TAMS 0x0000000086000000| PB 0x0000000086000000| Complete 
|  97|0x0000000086100000, 0x0000000086200000, 0x0000000086200000|100%|HC|  |TAMS 0x0000000086100000| PB 0x0000000086100000| Complete 
|  98|0x0000000086200000, 0x0000000086300000, 0x0000000086300000|100%|HC|  |TAMS 0x0000000086200000| PB 0x0000000086200000| Complete 
|  99|0x0000000086300000, 0x0000000086400000, 0x0000000086400000|100%|HS|  |TAMS 0x0000000086300000| PB 0x0000000086300000| Complete 
| 100|0x0000000086400000, 0x0000000086500000, 0x0000000086500000|100%| O|  |TAMS 0x0000000086400000| PB 0x0000000086400000| Untracked 
| 101|0x0000000086500000, 0x0000000086600000, 0x0000000086600000|100%| O|  |TAMS 0x0000000086500000| PB 0x0000000086500000| Untracked 
| 102|0x0000000086600000, 0x0000000086700000, 0x0000000086700000|100%| O|  |TAMS 0x0000000086600000| PB 0x0000000086600000| Untracked 
| 103|0x0000000086700000, 0x0000000086800000, 0x0000000086800000|100%| O|  |TAMS 0x0000000086700000| PB 0x0000000086700000| Untracked 
| 104|0x0000000086800000, 0x0000000086900000, 0x0000000086900000|100%|HS|  |TAMS 0x0000000086800000| PB 0x0000000086800000| Complete 
| 105|0x0000000086900000, 0x0000000086a00000, 0x0000000086a00000|100%|HC|  |TAMS 0x0000000086900000| PB 0x0000000086900000| Complete 
| 106|0x0000000086a00000, 0x0000000086b00000, 0x0000000086b00000|100%| O|  |TAMS 0x0000000086a00000| PB 0x0000000086a00000| Untracked 
| 107|0x0000000086b00000, 0x0000000086c00000, 0x0000000086c00000|100%| O|  |TAMS 0x0000000086b00000| PB 0x0000000086b00000| Untracked 
| 108|0x0000000086c00000, 0x0000000086d00000, 0x0000000086d00000|100%| O|  |TAMS 0x0000000086c00000| PB 0x0000000086c00000| Untracked 
| 109|0x0000000086d00000, 0x0000000086e00000, 0x0000000086e00000|100%| O|  |TAMS 0x0000000086d00000| PB 0x0000000086d00000| Untracked 
| 110|0x0000000086e00000, 0x0000000086f00000, 0x0000000086f00000|100%| O|  |TAMS 0x0000000086e00000| PB 0x0000000086e00000| Untracked 
| 111|0x0000000086f00000, 0x0000000087000000, 0x0000000087000000|100%| O|  |TAMS 0x0000000086f00000| PB 0x0000000086f00000| Untracked 
| 112|0x0000000087000000, 0x0000000087100000, 0x0000000087100000|100%| O|  |TAMS 0x0000000087000000| PB 0x0000000087000000| Untracked 
| 113|0x0000000087100000, 0x0000000087200000, 0x0000000087200000|100%| O|  |TAMS 0x0000000087100000| PB 0x0000000087100000| Untracked 
| 114|0x0000000087200000, 0x0000000087300000, 0x0000000087300000|100%| O|  |TAMS 0x0000000087200000| PB 0x0000000087200000| Untracked 
| 115|0x0000000087300000, 0x0000000087400000, 0x0000000087400000|100%| O|  |TAMS 0x0000000087300000| PB 0x0000000087300000| Untracked 
| 116|0x0000000087400000, 0x0000000087500000, 0x0000000087500000|100%| O|  |TAMS 0x0000000087400000| PB 0x0000000087400000| Untracked 
| 117|0x0000000087500000, 0x0000000087600000, 0x0000000087600000|100%| O|  |TAMS 0x0000000087500000| PB 0x0000000087500000| Untracked 
| 118|0x0000000087600000, 0x0000000087700000, 0x0000000087700000|100%| O|  |TAMS 0x0000000087600000| PB 0x0000000087600000| Untracked 
| 119|0x0000000087700000, 0x0000000087800000, 0x0000000087800000|100%| O|  |TAMS 0x0000000087700000| PB 0x0000000087700000| Untracked 
| 120|0x0000000087800000, 0x0000000087900000, 0x0000000087900000|100%| O|  |TAMS 0x0000000087800000| PB 0x0000000087800000| Untracked 
| 121|0x0000000087900000, 0x0000000087a00000, 0x0000000087a00000|100%| O|  |TAMS 0x0000000087900000| PB 0x0000000087900000| Untracked 
| 122|0x0000000087a00000, 0x0000000087b00000, 0x0000000087b00000|100%| O|  |TAMS 0x0000000087a00000| PB 0x0000000087a00000| Untracked 
| 123|0x0000000087b00000, 0x0000000087c00000, 0x0000000087c00000|100%| O|  |TAMS 0x0000000087b00000| PB 0x0000000087b00000| Untracked 
| 124|0x0000000087c00000, 0x0000000087d00000, 0x0000000087d00000|100%| O|  |TAMS 0x0000000087c00000| PB 0x0000000087c00000| Untracked 
| 125|0x0000000087d00000, 0x0000000087e00000, 0x0000000087e00000|100%| O|  |TAMS 0x0000000087d00000| PB 0x0000000087d00000| Untracked 
| 126|0x0000000087e00000, 0x0000000087f00000, 0x0000000087f00000|100%| O|  |TAMS 0x0000000087e00000| PB 0x0000000087e00000| Untracked 
| 127|0x0000000087f00000, 0x0000000088000000, 0x0000000088000000|100%| O|  |TAMS 0x0000000087f00000| PB 0x0000000087f00000| Untracked 
| 128|0x0000000088000000, 0x0000000088100000, 0x0000000088100000|100%| O|  |TAMS 0x0000000088000000| PB 0x0000000088000000| Untracked 
| 129|0x0000000088100000, 0x0000000088200000, 0x0000000088200000|100%| O|  |TAMS 0x0000000088100000| PB 0x0000000088100000| Untracked 
| 130|0x0000000088200000, 0x0000000088300000, 0x0000000088300000|100%| O|  |TAMS 0x0000000088200000| PB 0x0000000088200000| Untracked 
| 131|0x0000000088300000, 0x0000000088400000, 0x0000000088400000|100%| O|  |TAMS 0x0000000088300000| PB 0x0000000088300000| Untracked 
| 132|0x0000000088400000, 0x0000000088500000, 0x0000000088500000|100%| O|  |TAMS 0x0000000088400000| PB 0x0000000088400000| Untracked 
| 133|0x0000000088500000, 0x0000000088600000, 0x0000000088600000|100%| O|  |TAMS 0x0000000088500000| PB 0x0000000088500000| Untracked 
| 134|0x0000000088600000, 0x0000000088700000, 0x0000000088700000|100%| O|  |TAMS 0x0000000088600000| PB 0x0000000088600000| Untracked 
| 135|0x0000000088700000, 0x0000000088800000, 0x0000000088800000|100%|HS|  |TAMS 0x0000000088700000| PB 0x0000000088700000| Complete 
| 136|0x0000000088800000, 0x0000000088900000, 0x0000000088900000|100%| O|  |TAMS 0x0000000088800000| PB 0x0000000088800000| Untracked 
| 137|0x0000000088900000, 0x0000000088a00000, 0x0000000088a00000|100%| O|  |TAMS 0x0000000088900000| PB 0x0000000088900000| Untracked 
| 138|0x0000000088a00000, 0x0000000088b00000, 0x0000000088b00000|100%| O|  |TAMS 0x0000000088a00000| PB 0x0000000088a00000| Untracked 
| 139|0x0000000088b00000, 0x0000000088c00000, 0x0000000088c00000|100%|HS|  |TAMS 0x0000000088b00000| PB 0x0000000088b00000| Complete 
| 140|0x0000000088c00000, 0x0000000088d00000, 0x0000000088d00000|100%|HS|  |TAMS 0x0000000088c00000| PB 0x0000000088c00000| Complete 
| 141|0x0000000088d00000, 0x0000000088e00000, 0x0000000088e00000|100%|HC|  |TAMS 0x0000000088d00000| PB 0x0000000088d00000| Complete 
| 142|0x0000000088e00000, 0x0000000088f00000, 0x0000000088f00000|100%| O|  |TAMS 0x0000000088e00000| PB 0x0000000088e00000| Untracked 
| 143|0x0000000088f00000, 0x0000000089000000, 0x0000000089000000|100%| O|  |TAMS 0x0000000088f00000| PB 0x0000000088f00000| Untracked 
| 144|0x0000000089000000, 0x0000000089100000, 0x0000000089100000|100%| O|  |TAMS 0x0000000089000000| PB 0x0000000089000000| Untracked 
| 145|0x0000000089100000, 0x0000000089200000, 0x0000000089200000|100%|HS|  |TAMS 0x0000000089100000| PB 0x0000000089100000| Complete 
| 146|0x0000000089200000, 0x0000000089300000, 0x0000000089300000|100%| O|  |TAMS 0x0000000089200000| PB 0x0000000089200000| Untracked 
| 147|0x0000000089300000, 0x0000000089400000, 0x0000000089400000|100%|HS|  |TAMS 0x0000000089300000| PB 0x0000000089300000| Complete 
| 148|0x0000000089400000, 0x0000000089500000, 0x0000000089500000|100%|HS|  |TAMS 0x0000000089400000| PB 0x0000000089400000| Complete 
| 149|0x0000000089500000, 0x0000000089600000, 0x0000000089600000|100%| O|  |TAMS 0x0000000089500000| PB 0x0000000089500000| Untracked 
| 150|0x0000000089600000, 0x0000000089700000, 0x0000000089700000|100%| O|  |TAMS 0x0000000089600000| PB 0x0000000089600000| Untracked 
| 151|0x0000000089700000, 0x0000000089800000, 0x0000000089800000|100%| O|  |TAMS 0x0000000089700000| PB 0x0000000089700000| Untracked 
| 152|0x0000000089800000, 0x0000000089900000, 0x0000000089900000|100%|HS|  |TAMS 0x0000000089800000| PB 0x0000000089800000| Complete 
| 153|0x0000000089900000, 0x0000000089a00000, 0x0000000089a00000|100%| O|  |TAMS 0x0000000089900000| PB 0x0000000089900000| Untracked 
| 154|0x0000000089a00000, 0x0000000089b00000, 0x0000000089b00000|100%| O|  |TAMS 0x0000000089a00000| PB 0x0000000089a00000| Untracked 
| 155|0x0000000089b00000, 0x0000000089c00000, 0x0000000089c00000|100%| O|  |TAMS 0x0000000089b00000| PB 0x0000000089b00000| Untracked 
| 156|0x0000000089c00000, 0x0000000089d00000, 0x0000000089d00000|100%| O|  |TAMS 0x0000000089c00000| PB 0x0000000089c00000| Untracked 
| 157|0x0000000089d00000, 0x0000000089e00000, 0x0000000089e00000|100%| O|  |TAMS 0x0000000089d00000| PB 0x0000000089d00000| Untracked 
| 158|0x0000000089e00000, 0x0000000089f00000, 0x0000000089f00000|100%| O|  |TAMS 0x0000000089e00000| PB 0x0000000089e00000| Untracked 
| 159|0x0000000089f00000, 0x000000008a000000, 0x000000008a000000|100%| O|  |TAMS 0x0000000089f00000| PB 0x0000000089f00000| Untracked 
| 160|0x000000008a000000, 0x000000008a100000, 0x000000008a100000|100%| O|  |TAMS 0x000000008a000000| PB 0x000000008a000000| Untracked 
| 161|0x000000008a100000, 0x000000008a200000, 0x000000008a200000|100%| O|  |TAMS 0x000000008a100000| PB 0x000000008a100000| Untracked 
| 162|0x000000008a200000, 0x000000008a300000, 0x000000008a300000|100%| O|  |TAMS 0x000000008a200000| PB 0x000000008a200000| Untracked 
| 163|0x000000008a300000, 0x000000008a400000, 0x000000008a400000|100%| O|  |TAMS 0x000000008a300000| PB 0x000000008a300000| Untracked 
| 164|0x000000008a400000, 0x000000008a500000, 0x000000008a500000|100%| O|  |TAMS 0x000000008a400000| PB 0x000000008a400000| Untracked 
| 165|0x000000008a500000, 0x000000008a600000, 0x000000008a600000|100%| O|  |TAMS 0x000000008a500000| PB 0x000000008a500000| Untracked 
| 166|0x000000008a600000, 0x000000008a700000, 0x000000008a700000|100%| O|  |TAMS 0x000000008a600000| PB 0x000000008a600000| Untracked 
| 167|0x000000008a700000, 0x000000008a800000, 0x000000008a800000|100%| O|  |TAMS 0x000000008a700000| PB 0x000000008a700000| Untracked 
| 168|0x000000008a800000, 0x000000008a900000, 0x000000008a900000|100%| O|  |TAMS 0x000000008a800000| PB 0x000000008a800000| Untracked 
| 169|0x000000008a900000, 0x000000008aa00000, 0x000000008aa00000|100%| O|  |TAMS 0x000000008a900000| PB 0x000000008a900000| Untracked 
| 170|0x000000008aa00000, 0x000000008ab00000, 0x000000008ab00000|100%| O|  |TAMS 0x000000008aa00000| PB 0x000000008aa00000| Untracked 
| 171|0x000000008ab00000, 0x000000008ac00000, 0x000000008ac00000|100%| O|  |TAMS 0x000000008ab00000| PB 0x000000008ab00000| Untracked 
| 172|0x000000008ac00000, 0x000000008ad00000, 0x000000008ad00000|100%| O|  |TAMS 0x000000008ac00000| PB 0x000000008ac00000| Untracked 
| 173|0x000000008ad00000, 0x000000008ae00000, 0x000000008ae00000|100%| O|  |TAMS 0x000000008ad00000| PB 0x000000008ad00000| Untracked 
| 174|0x000000008ae00000, 0x000000008af00000, 0x000000008af00000|100%| O|  |TAMS 0x000000008ae00000| PB 0x000000008ae00000| Untracked 
| 175|0x000000008af00000, 0x000000008b000000, 0x000000008b000000|100%| O|  |TAMS 0x000000008af00000| PB 0x000000008af00000| Untracked 
| 176|0x000000008b000000, 0x000000008b100000, 0x000000008b100000|100%|HS|  |TAMS 0x000000008b000000| PB 0x000000008b000000| Complete 
| 177|0x000000008b100000, 0x000000008b200000, 0x000000008b200000|100%|HS|  |TAMS 0x000000008b100000| PB 0x000000008b100000| Complete 
| 178|0x000000008b200000, 0x000000008b300000, 0x000000008b300000|100%|HC|  |TAMS 0x000000008b200000| PB 0x000000008b200000| Complete 
| 179|0x000000008b300000, 0x000000008b400000, 0x000000008b400000|100%| O|  |TAMS 0x000000008b300000| PB 0x000000008b300000| Untracked 
| 180|0x000000008b400000, 0x000000008b500000, 0x000000008b500000|100%| O|  |TAMS 0x000000008b400000| PB 0x000000008b400000| Untracked 
| 181|0x000000008b500000, 0x000000008b600000, 0x000000008b600000|100%| O|  |TAMS 0x000000008b500000| PB 0x000000008b500000| Untracked 
| 182|0x000000008b600000, 0x000000008b700000, 0x000000008b700000|100%| O|  |TAMS 0x000000008b600000| PB 0x000000008b600000| Untracked 
| 183|0x000000008b700000, 0x000000008b800000, 0x000000008b800000|100%| O|  |TAMS 0x000000008b700000| PB 0x000000008b700000| Untracked 
| 184|0x000000008b800000, 0x000000008b900000, 0x000000008b900000|100%| O|  |TAMS 0x000000008b800000| PB 0x000000008b800000| Untracked 
| 185|0x000000008b900000, 0x000000008ba00000, 0x000000008ba00000|100%| O|  |TAMS 0x000000008b900000| PB 0x000000008b900000| Untracked 
| 186|0x000000008ba00000, 0x000000008bb00000, 0x000000008bb00000|100%| O|  |TAMS 0x000000008ba00000| PB 0x000000008ba00000| Untracked 
| 187|0x000000008bb00000, 0x000000008bc00000, 0x000000008bc00000|100%| O|  |TAMS 0x000000008bb00000| PB 0x000000008bb00000| Untracked 
| 188|0x000000008bc00000, 0x000000008bd00000, 0x000000008bd00000|100%| O|  |TAMS 0x000000008bc00000| PB 0x000000008bc00000| Untracked 
| 189|0x000000008bd00000, 0x000000008be00000, 0x000000008be00000|100%| O|  |TAMS 0x000000008bd00000| PB 0x000000008bd00000| Untracked 
| 190|0x000000008be00000, 0x000000008bf00000, 0x000000008bf00000|100%| O|  |TAMS 0x000000008be00000| PB 0x000000008be00000| Untracked 
| 191|0x000000008bf00000, 0x000000008c000000, 0x000000008c000000|100%| O|  |TAMS 0x000000008bf00000| PB 0x000000008bf00000| Untracked 
| 192|0x000000008c000000, 0x000000008c100000, 0x000000008c100000|100%| O|  |TAMS 0x000000008c000000| PB 0x000000008c000000| Untracked 
| 193|0x000000008c100000, 0x000000008c200000, 0x000000008c200000|100%| O|  |TAMS 0x000000008c100000| PB 0x000000008c100000| Untracked 
| 194|0x000000008c200000, 0x000000008c300000, 0x000000008c300000|100%| O|  |TAMS 0x000000008c200000| PB 0x000000008c200000| Untracked 
| 195|0x000000008c300000, 0x000000008c400000, 0x000000008c400000|100%| O|  |TAMS 0x000000008c300000| PB 0x000000008c300000| Untracked 
| 196|0x000000008c400000, 0x000000008c500000, 0x000000008c500000|100%| O|  |TAMS 0x000000008c400000| PB 0x000000008c400000| Untracked 
| 197|0x000000008c500000, 0x000000008c600000, 0x000000008c600000|100%| O|  |TAMS 0x000000008c500000| PB 0x000000008c500000| Untracked 
| 198|0x000000008c600000, 0x000000008c700000, 0x000000008c700000|100%| O|  |TAMS 0x000000008c600000| PB 0x000000008c600000| Untracked 
| 199|0x000000008c700000, 0x000000008c800000, 0x000000008c800000|100%|HS|  |TAMS 0x000000008c700000| PB 0x000000008c700000| Complete 
| 200|0x000000008c800000, 0x000000008c900000, 0x000000008c900000|100%|HS|  |TAMS 0x000000008c800000| PB 0x000000008c800000| Complete 
| 201|0x000000008c900000, 0x000000008ca00000, 0x000000008ca00000|100%|HS|  |TAMS 0x000000008c900000| PB 0x000000008c900000| Complete 
| 202|0x000000008ca00000, 0x000000008cb00000, 0x000000008cb00000|100%| O|  |TAMS 0x000000008ca00000| PB 0x000000008ca00000| Untracked 
| 203|0x000000008cb00000, 0x000000008cc00000, 0x000000008cc00000|100%| O|  |TAMS 0x000000008cb00000| PB 0x000000008cb00000| Untracked 
| 204|0x000000008cc00000, 0x000000008cd00000, 0x000000008cd00000|100%| O|  |TAMS 0x000000008cc00000| PB 0x000000008cc00000| Untracked 
| 205|0x000000008cd00000, 0x000000008ce00000, 0x000000008ce00000|100%| O|  |TAMS 0x000000008cd00000| PB 0x000000008cd00000| Untracked 
| 206|0x000000008ce00000, 0x000000008cf00000, 0x000000008cf00000|100%| O|  |TAMS 0x000000008ce00000| PB 0x000000008ce00000| Untracked 
| 207|0x000000008cf00000, 0x000000008d000000, 0x000000008d000000|100%| O|  |TAMS 0x000000008cf00000| PB 0x000000008cf00000| Untracked 
| 208|0x000000008d000000, 0x000000008d100000, 0x000000008d100000|100%| O|  |TAMS 0x000000008d000000| PB 0x000000008d000000| Untracked 
| 209|0x000000008d100000, 0x000000008d200000, 0x000000008d200000|100%| O|  |TAMS 0x000000008d100000| PB 0x000000008d100000| Untracked 
| 210|0x000000008d200000, 0x000000008d300000, 0x000000008d300000|100%| O|  |TAMS 0x000000008d200000| PB 0x000000008d200000| Untracked 
| 211|0x000000008d300000, 0x000000008d400000, 0x000000008d400000|100%| O|  |TAMS 0x000000008d300000| PB 0x000000008d300000| Untracked 
| 212|0x000000008d400000, 0x000000008d500000, 0x000000008d500000|100%| O|  |TAMS 0x000000008d400000| PB 0x000000008d400000| Untracked 
| 213|0x000000008d500000, 0x000000008d600000, 0x000000008d600000|100%| O|  |TAMS 0x000000008d500000| PB 0x000000008d500000| Untracked 
| 214|0x000000008d600000, 0x000000008d700000, 0x000000008d700000|100%| O|  |TAMS 0x000000008d600000| PB 0x000000008d600000| Untracked 
| 215|0x000000008d700000, 0x000000008d800000, 0x000000008d800000|100%| O|  |TAMS 0x000000008d700000| PB 0x000000008d700000| Untracked 
| 216|0x000000008d800000, 0x000000008d900000, 0x000000008d900000|100%| O|  |TAMS 0x000000008d800000| PB 0x000000008d800000| Untracked 
| 217|0x000000008d900000, 0x000000008da00000, 0x000000008da00000|100%| O|  |TAMS 0x000000008d900000| PB 0x000000008d900000| Untracked 
| 218|0x000000008da00000, 0x000000008db00000, 0x000000008db00000|100%| O|  |TAMS 0x000000008da00000| PB 0x000000008da00000| Untracked 
| 219|0x000000008db00000, 0x000000008dc00000, 0x000000008dc00000|100%| O|  |TAMS 0x000000008db00000| PB 0x000000008db00000| Untracked 
| 220|0x000000008dc00000, 0x000000008dd00000, 0x000000008dd00000|100%| O|  |TAMS 0x000000008dc00000| PB 0x000000008dc00000| Untracked 
| 221|0x000000008dd00000, 0x000000008de00000, 0x000000008de00000|100%| O|  |TAMS 0x000000008dd00000| PB 0x000000008dd00000| Untracked 
| 222|0x000000008de00000, 0x000000008df00000, 0x000000008df00000|100%| O|  |TAMS 0x000000008de00000| PB 0x000000008de00000| Untracked 
| 223|0x000000008df00000, 0x000000008e000000, 0x000000008e000000|100%| O|  |TAMS 0x000000008df00000| PB 0x000000008df00000| Untracked 
| 224|0x000000008e000000, 0x000000008e100000, 0x000000008e100000|100%| O|  |TAMS 0x000000008e000000| PB 0x000000008e000000| Untracked 
| 225|0x000000008e100000, 0x000000008e200000, 0x000000008e200000|100%| O|  |TAMS 0x000000008e100000| PB 0x000000008e100000| Untracked 
| 226|0x000000008e200000, 0x000000008e300000, 0x000000008e300000|100%| O|  |TAMS 0x000000008e200000| PB 0x000000008e200000| Untracked 
| 227|0x000000008e300000, 0x000000008e400000, 0x000000008e400000|100%| O|  |TAMS 0x000000008e300000| PB 0x000000008e300000| Untracked 
| 228|0x000000008e400000, 0x000000008e500000, 0x000000008e500000|100%| O|  |TAMS 0x000000008e400000| PB 0x000000008e400000| Untracked 
| 229|0x000000008e500000, 0x000000008e600000, 0x000000008e600000|100%| O|  |TAMS 0x000000008e500000| PB 0x000000008e500000| Untracked 
| 230|0x000000008e600000, 0x000000008e700000, 0x000000008e700000|100%| O|  |TAMS 0x000000008e600000| PB 0x000000008e600000| Untracked 
| 231|0x000000008e700000, 0x000000008e800000, 0x000000008e800000|100%|HS|  |TAMS 0x000000008e700000| PB 0x000000008e700000| Complete 
| 232|0x000000008e800000, 0x000000008e900000, 0x000000008e900000|100%|HS|  |TAMS 0x000000008e800000| PB 0x000000008e800000| Complete 
| 233|0x000000008e900000, 0x000000008ea00000, 0x000000008ea00000|100%| O|  |TAMS 0x000000008e900000| PB 0x000000008e900000| Untracked 
| 234|0x000000008ea00000, 0x000000008eb00000, 0x000000008eb00000|100%| O|  |TAMS 0x000000008ea00000| PB 0x000000008ea00000| Untracked 
| 235|0x000000008eb00000, 0x000000008ec00000, 0x000000008ec00000|100%| O|  |TAMS 0x000000008eb00000| PB 0x000000008eb00000| Untracked 
| 236|0x000000008ec00000, 0x000000008ed00000, 0x000000008ed00000|100%| O|  |TAMS 0x000000008ec00000| PB 0x000000008ec00000| Untracked 
| 237|0x000000008ed00000, 0x000000008ee00000, 0x000000008ee00000|100%| O|  |TAMS 0x000000008ed00000| PB 0x000000008ed00000| Untracked 
| 238|0x000000008ee00000, 0x000000008ef00000, 0x000000008ef00000|100%| O|  |TAMS 0x000000008ee00000| PB 0x000000008ee00000| Untracked 
| 239|0x000000008ef00000, 0x000000008f000000, 0x000000008f000000|100%| O|  |TAMS 0x000000008ef00000| PB 0x000000008ef00000| Untracked 
| 240|0x000000008f000000, 0x000000008f100000, 0x000000008f100000|100%| O|  |TAMS 0x000000008f000000| PB 0x000000008f000000| Untracked 
| 241|0x000000008f100000, 0x000000008f200000, 0x000000008f200000|100%| O|  |TAMS 0x000000008f100000| PB 0x000000008f100000| Untracked 
| 242|0x000000008f200000, 0x000000008f300000, 0x000000008f300000|100%| O|  |TAMS 0x000000008f200000| PB 0x000000008f200000| Untracked 
| 243|0x000000008f300000, 0x000000008f400000, 0x000000008f400000|100%| O|  |TAMS 0x000000008f300000| PB 0x000000008f300000| Untracked 
| 244|0x000000008f400000, 0x000000008f500000, 0x000000008f500000|100%| O|  |TAMS 0x000000008f400000| PB 0x000000008f400000| Untracked 
| 245|0x000000008f500000, 0x000000008f600000, 0x000000008f600000|100%| O|  |TAMS 0x000000008f500000| PB 0x000000008f500000| Untracked 
| 246|0x000000008f600000, 0x000000008f700000, 0x000000008f700000|100%| O|  |TAMS 0x000000008f600000| PB 0x000000008f600000| Untracked 
| 247|0x000000008f700000, 0x000000008f800000, 0x000000008f800000|100%| O|  |TAMS 0x000000008f700000| PB 0x000000008f700000| Untracked 
| 248|0x000000008f800000, 0x000000008f900000, 0x000000008f900000|100%| O|  |TAMS 0x000000008f800000| PB 0x000000008f800000| Untracked 
| 249|0x000000008f900000, 0x000000008fa00000, 0x000000008fa00000|100%| O|  |TAMS 0x000000008f900000| PB 0x000000008f900000| Untracked 
| 250|0x000000008fa00000, 0x000000008fb00000, 0x000000008fb00000|100%| O|  |TAMS 0x000000008fa00000| PB 0x000000008fa00000| Untracked 
| 251|0x000000008fb00000, 0x000000008fc00000, 0x000000008fc00000|100%| O|  |TAMS 0x000000008fb00000| PB 0x000000008fb00000| Untracked 
| 252|0x000000008fc00000, 0x000000008fd00000, 0x000000008fd00000|100%| O|  |TAMS 0x000000008fc00000| PB 0x000000008fc00000| Untracked 
| 253|0x000000008fd00000, 0x000000008fe00000, 0x000000008fe00000|100%| O|  |TAMS 0x000000008fd00000| PB 0x000000008fd00000| Untracked 
| 254|0x000000008fe00000, 0x000000008ff00000, 0x000000008ff00000|100%| O|  |TAMS 0x000000008fe00000| PB 0x000000008fe00000| Untracked 
| 255|0x000000008ff00000, 0x0000000090000000, 0x0000000090000000|100%| O|  |TAMS 0x000000008ff00000| PB 0x000000008ff00000| Untracked 
| 256|0x0000000090000000, 0x0000000090100000, 0x0000000090100000|100%| O|  |TAMS 0x0000000090000000| PB 0x0000000090000000| Untracked 
| 257|0x0000000090100000, 0x0000000090200000, 0x0000000090200000|100%| O|  |TAMS 0x0000000090100000| PB 0x0000000090100000| Untracked 
| 258|0x0000000090200000, 0x0000000090300000, 0x0000000090300000|100%| O|  |TAMS 0x0000000090200000| PB 0x0000000090200000| Untracked 
| 259|0x0000000090300000, 0x0000000090400000, 0x0000000090400000|100%| O|  |TAMS 0x0000000090300000| PB 0x0000000090300000| Untracked 
| 260|0x0000000090400000, 0x0000000090500000, 0x0000000090500000|100%| O|  |TAMS 0x0000000090400000| PB 0x0000000090400000| Untracked 
| 261|0x0000000090500000, 0x0000000090600000, 0x0000000090600000|100%| O|  |TAMS 0x0000000090500000| PB 0x0000000090500000| Untracked 
| 262|0x0000000090600000, 0x0000000090700000, 0x0000000090700000|100%| O|  |TAMS 0x0000000090600000| PB 0x0000000090600000| Untracked 
| 263|0x0000000090700000, 0x0000000090800000, 0x0000000090800000|100%| O|  |TAMS 0x0000000090700000| PB 0x0000000090700000| Untracked 
| 264|0x0000000090800000, 0x0000000090900000, 0x0000000090900000|100%| O|  |TAMS 0x0000000090800000| PB 0x0000000090800000| Untracked 
| 265|0x0000000090900000, 0x0000000090a00000, 0x0000000090a00000|100%| O|  |TAMS 0x0000000090900000| PB 0x0000000090900000| Untracked 
| 266|0x0000000090a00000, 0x0000000090b00000, 0x0000000090b00000|100%| O|  |TAMS 0x0000000090a00000| PB 0x0000000090a00000| Untracked 
| 267|0x0000000090b00000, 0x0000000090c00000, 0x0000000090c00000|100%| O|  |TAMS 0x0000000090b00000| PB 0x0000000090b00000| Untracked 
| 268|0x0000000090c00000, 0x0000000090d00000, 0x0000000090d00000|100%| O|  |TAMS 0x0000000090c00000| PB 0x0000000090c00000| Untracked 
| 269|0x0000000090d00000, 0x0000000090e00000, 0x0000000090e00000|100%| O|  |TAMS 0x0000000090d00000| PB 0x0000000090d00000| Untracked 
| 270|0x0000000090e00000, 0x0000000090f00000, 0x0000000090f00000|100%| O|  |TAMS 0x0000000090e00000| PB 0x0000000090e00000| Untracked 
| 271|0x0000000090f00000, 0x0000000091000000, 0x0000000091000000|100%| O|  |TAMS 0x0000000090f00000| PB 0x0000000090f00000| Untracked 
| 272|0x0000000091000000, 0x0000000091100000, 0x0000000091100000|100%| O|  |TAMS 0x0000000091000000| PB 0x0000000091000000| Untracked 
| 273|0x0000000091100000, 0x0000000091200000, 0x0000000091200000|100%| O|  |TAMS 0x0000000091100000| PB 0x0000000091100000| Untracked 
| 274|0x0000000091200000, 0x00000000912c7c60, 0x0000000091300000| 78%| O|  |TAMS 0x0000000091200000| PB 0x0000000091200000| Untracked 
| 275|0x0000000091300000, 0x0000000091400000, 0x0000000091400000|100%| O|  |TAMS 0x0000000091300000| PB 0x0000000091300000| Untracked 
| 276|0x0000000091400000, 0x0000000091400000, 0x0000000091500000|  0%| F|  |TAMS 0x0000000091400000| PB 0x0000000091400000| Untracked 
| 277|0x0000000091500000, 0x0000000091600000, 0x0000000091600000|100%| O|  |TAMS 0x0000000091500000| PB 0x0000000091500000| Untracked 
| 278|0x0000000091600000, 0x0000000091700000, 0x0000000091700000|100%| O|  |TAMS 0x0000000091600000| PB 0x0000000091600000| Untracked 
| 279|0x0000000091700000, 0x0000000091800000, 0x0000000091800000|100%| O|  |TAMS 0x0000000091700000| PB 0x0000000091700000| Untracked 
| 280|0x0000000091800000, 0x0000000091900000, 0x0000000091900000|100%| O|  |TAMS 0x0000000091800000| PB 0x0000000091800000| Untracked 
| 281|0x0000000091900000, 0x0000000091a00000, 0x0000000091a00000|100%| O|  |TAMS 0x0000000091900000| PB 0x0000000091900000| Untracked 
| 282|0x0000000091a00000, 0x0000000091b00000, 0x0000000091b00000|100%| O|  |TAMS 0x0000000091a00000| PB 0x0000000091a00000| Untracked 
| 283|0x0000000091b00000, 0x0000000091c00000, 0x0000000091c00000|100%| O|  |TAMS 0x0000000091b00000| PB 0x0000000091b00000| Untracked 
| 284|0x0000000091c00000, 0x0000000091d00000, 0x0000000091d00000|100%| O|  |TAMS 0x0000000091c00000| PB 0x0000000091c00000| Untracked 
| 285|0x0000000091d00000, 0x0000000091e00000, 0x0000000091e00000|100%| O|  |TAMS 0x0000000091d00000| PB 0x0000000091d00000| Untracked 
| 286|0x0000000091e00000, 0x0000000091f00000, 0x0000000091f00000|100%| O|  |TAMS 0x0000000091e00000| PB 0x0000000091e00000| Untracked 
| 287|0x0000000091f00000, 0x0000000092000000, 0x0000000092000000|100%| O|  |TAMS 0x0000000091f00000| PB 0x0000000091f00000| Untracked 
| 288|0x0000000092000000, 0x0000000092100000, 0x0000000092100000|100%| O|  |TAMS 0x0000000092000000| PB 0x0000000092000000| Untracked 
| 289|0x0000000092100000, 0x0000000092200000, 0x0000000092200000|100%| O|  |TAMS 0x0000000092100000| PB 0x0000000092100000| Untracked 
| 290|0x0000000092200000, 0x0000000092300000, 0x0000000092300000|100%| O|  |TAMS 0x0000000092200000| PB 0x0000000092200000| Untracked 
| 291|0x0000000092300000, 0x0000000092400000, 0x0000000092400000|100%| O|  |TAMS 0x0000000092300000| PB 0x0000000092300000| Untracked 
| 292|0x0000000092400000, 0x0000000092500000, 0x0000000092500000|100%| O|  |TAMS 0x0000000092400000| PB 0x0000000092400000| Untracked 
| 293|0x0000000092500000, 0x0000000092600000, 0x0000000092600000|100%| O|  |TAMS 0x0000000092500000| PB 0x0000000092500000| Untracked 
| 294|0x0000000092600000, 0x0000000092700000, 0x0000000092700000|100%| O|  |TAMS 0x0000000092600000| PB 0x0000000092600000| Untracked 
| 295|0x0000000092700000, 0x0000000092800000, 0x0000000092800000|100%| O|  |TAMS 0x0000000092700000| PB 0x0000000092700000| Untracked 
| 296|0x0000000092800000, 0x0000000092900000, 0x0000000092900000|100%| O|  |TAMS 0x0000000092800000| PB 0x0000000092800000| Untracked 
| 297|0x0000000092900000, 0x0000000092a00000, 0x0000000092a00000|100%| O|  |TAMS 0x0000000092900000| PB 0x0000000092900000| Untracked 
| 298|0x0000000092a00000, 0x0000000092b00000, 0x0000000092b00000|100%| O|  |TAMS 0x0000000092a00000| PB 0x0000000092a00000| Untracked 
| 299|0x0000000092b00000, 0x0000000092c00000, 0x0000000092c00000|100%| O|Cm|TAMS 0x0000000092b00000| PB 0x0000000092b00000| Complete 
| 300|0x0000000092c00000, 0x0000000092d00000, 0x0000000092d00000|100%| O|  |TAMS 0x0000000092c00000| PB 0x0000000092c00000| Untracked 
| 301|0x0000000092d00000, 0x0000000092e00000, 0x0000000092e00000|100%| O|  |TAMS 0x0000000092d00000| PB 0x0000000092d00000| Untracked 
| 302|0x0000000092e00000, 0x0000000092e00000, 0x0000000092f00000|  0%| F|  |TAMS 0x0000000092e00000| PB 0x0000000092e00000| Untracked 
| 303|0x0000000092f00000, 0x0000000092f00000, 0x0000000093000000|  0%| F|  |TAMS 0x0000000092f00000| PB 0x0000000092f00000| Untracked 
| 304|0x0000000093000000, 0x0000000093000000, 0x0000000093100000|  0%| F|  |TAMS 0x0000000093000000| PB 0x0000000093000000| Untracked 
| 305|0x0000000093100000, 0x0000000093200000, 0x0000000093200000|100%| O|  |TAMS 0x0000000093100000| PB 0x0000000093100000| Untracked 
| 306|0x0000000093200000, 0x0000000093300000, 0x0000000093300000|100%| O|  |TAMS 0x0000000093200000| PB 0x0000000093200000| Untracked 
| 307|0x0000000093300000, 0x0000000093400000, 0x0000000093400000|100%| O|  |TAMS 0x0000000093300000| PB 0x0000000093300000| Untracked 
| 308|0x0000000093400000, 0x0000000093500000, 0x0000000093500000|100%|HS|  |TAMS 0x0000000093400000| PB 0x0000000093400000| Complete 
| 309|0x0000000093500000, 0x0000000093600000, 0x0000000093600000|100%|HC|  |TAMS 0x0000000093500000| PB 0x0000000093500000| Complete 
| 310|0x0000000093600000, 0x0000000093700000, 0x0000000093700000|100%| O|  |TAMS 0x0000000093600000| PB 0x0000000093600000| Untracked 
| 311|0x0000000093700000, 0x0000000093800000, 0x0000000093800000|100%| O|  |TAMS 0x0000000093700000| PB 0x0000000093700000| Untracked 
| 312|0x0000000093800000, 0x0000000093900000, 0x0000000093900000|100%| O|  |TAMS 0x0000000093800000| PB 0x0000000093800000| Untracked 
| 313|0x0000000093900000, 0x0000000093a00000, 0x0000000093a00000|100%| O|  |TAMS 0x0000000093900000| PB 0x0000000093900000| Untracked 
| 314|0x0000000093a00000, 0x0000000093b00000, 0x0000000093b00000|100%| O|  |TAMS 0x0000000093a00000| PB 0x0000000093a00000| Untracked 
| 315|0x0000000093b00000, 0x0000000093c00000, 0x0000000093c00000|100%| O|  |TAMS 0x0000000093b00000| PB 0x0000000093b00000| Untracked 
| 316|0x0000000093c00000, 0x0000000093d00000, 0x0000000093d00000|100%| O|  |TAMS 0x0000000093c00000| PB 0x0000000093c00000| Untracked 
| 317|0x0000000093d00000, 0x0000000093e00000, 0x0000000093e00000|100%| O|  |TAMS 0x0000000093d00000| PB 0x0000000093d00000| Untracked 
| 318|0x0000000093e00000, 0x0000000093f00000, 0x0000000093f00000|100%| O|  |TAMS 0x0000000093e00000| PB 0x0000000093e00000| Untracked 
| 319|0x0000000093f00000, 0x0000000094000000, 0x0000000094000000|100%| O|  |TAMS 0x0000000093f00000| PB 0x0000000093f00000| Untracked 
| 320|0x0000000094000000, 0x0000000094100000, 0x0000000094100000|100%| O|  |TAMS 0x0000000094000000| PB 0x0000000094000000| Untracked 
| 321|0x0000000094100000, 0x0000000094200000, 0x0000000094200000|100%| O|  |TAMS 0x0000000094100000| PB 0x0000000094100000| Untracked 
| 322|0x0000000094200000, 0x0000000094300000, 0x0000000094300000|100%| O|  |TAMS 0x0000000094200000| PB 0x0000000094200000| Untracked 
| 323|0x0000000094300000, 0x0000000094400000, 0x0000000094400000|100%| O|  |TAMS 0x0000000094300000| PB 0x0000000094300000| Untracked 
| 324|0x0000000094400000, 0x0000000094500000, 0x0000000094500000|100%| O|  |TAMS 0x0000000094400000| PB 0x0000000094400000| Untracked 
| 325|0x0000000094500000, 0x0000000094600000, 0x0000000094600000|100%| O|  |TAMS 0x0000000094500000| PB 0x0000000094500000| Untracked 
| 326|0x0000000094600000, 0x0000000094700000, 0x0000000094700000|100%| O|  |TAMS 0x0000000094600000| PB 0x0000000094600000| Untracked 
| 327|0x0000000094700000, 0x0000000094800000, 0x0000000094800000|100%| O|  |TAMS 0x0000000094700000| PB 0x0000000094700000| Untracked 
| 328|0x0000000094800000, 0x0000000094900000, 0x0000000094900000|100%| O|  |TAMS 0x0000000094800000| PB 0x0000000094800000| Untracked 
| 329|0x0000000094900000, 0x0000000094a00000, 0x0000000094a00000|100%| O|  |TAMS 0x0000000094900000| PB 0x0000000094900000| Untracked 
| 330|0x0000000094a00000, 0x0000000094b00000, 0x0000000094b00000|100%| O|Cm|TAMS 0x0000000094a00000| PB 0x0000000094a00000| Complete 
| 331|0x0000000094b00000, 0x0000000094c00000, 0x0000000094c00000|100%| O|Cm|TAMS 0x0000000094b00000| PB 0x0000000094b00000| Complete 
| 332|0x0000000094c00000, 0x0000000094d00000, 0x0000000094d00000|100%| O|  |TAMS 0x0000000094c00000| PB 0x0000000094c00000| Untracked 
| 333|0x0000000094d00000, 0x0000000094e00000, 0x0000000094e00000|100%| O|Cm|TAMS 0x0000000094d00000| PB 0x0000000094d00000| Complete 
| 334|0x0000000094e00000, 0x0000000094f00000, 0x0000000094f00000|100%| O|Cm|TAMS 0x0000000094e00000| PB 0x0000000094e00000| Complete 
| 335|0x0000000094f00000, 0x0000000095000000, 0x0000000095000000|100%| O|Cm|TAMS 0x0000000094f00000| PB 0x0000000094f00000| Complete 
| 336|0x0000000095000000, 0x0000000095000000, 0x0000000095100000|  0%| F|  |TAMS 0x0000000095000000| PB 0x0000000095000000| Untracked 
| 337|0x0000000095100000, 0x0000000095200000, 0x0000000095200000|100%| O|  |TAMS 0x0000000095100000| PB 0x0000000095100000| Untracked 
| 338|0x0000000095200000, 0x0000000095300000, 0x0000000095300000|100%| O|  |TAMS 0x0000000095200000| PB 0x0000000095200000| Untracked 
| 339|0x0000000095300000, 0x0000000095400000, 0x0000000095400000|100%| O|  |TAMS 0x0000000095300000| PB 0x0000000095300000| Untracked 
| 340|0x0000000095400000, 0x0000000095500000, 0x0000000095500000|100%| O|Cm|TAMS 0x0000000095400000| PB 0x0000000095400000| Complete 
| 341|0x0000000095500000, 0x0000000095600000, 0x0000000095600000|100%| O|  |TAMS 0x0000000095500000| PB 0x0000000095500000| Untracked 
| 342|0x0000000095600000, 0x0000000095700000, 0x0000000095700000|100%| O|  |TAMS 0x0000000095600000| PB 0x0000000095600000| Untracked 
| 343|0x0000000095700000, 0x0000000095800000, 0x0000000095800000|100%| O|  |TAMS 0x0000000095700000| PB 0x0000000095700000| Untracked 
| 344|0x0000000095800000, 0x0000000095900000, 0x0000000095900000|100%| O|  |TAMS 0x0000000095800000| PB 0x0000000095800000| Untracked 
| 345|0x0000000095900000, 0x0000000095a00000, 0x0000000095a00000|100%| O|  |TAMS 0x0000000095900000| PB 0x0000000095900000| Untracked 
| 346|0x0000000095a00000, 0x0000000095b00000, 0x0000000095b00000|100%| O|  |TAMS 0x0000000095a00000| PB 0x0000000095a00000| Untracked 
| 347|0x0000000095b00000, 0x0000000095c00000, 0x0000000095c00000|100%| O|Cm|TAMS 0x0000000095b00000| PB 0x0000000095b00000| Complete 
| 348|0x0000000095c00000, 0x0000000095d00000, 0x0000000095d00000|100%| O|  |TAMS 0x0000000095c00000| PB 0x0000000095c00000| Untracked 
| 349|0x0000000095d00000, 0x0000000095e00000, 0x0000000095e00000|100%| O|Cm|TAMS 0x0000000095d00000| PB 0x0000000095d00000| Complete 
| 350|0x0000000095e00000, 0x0000000095f00000, 0x0000000095f00000|100%| O|Cm|TAMS 0x0000000095e00000| PB 0x0000000095e00000| Complete 
| 351|0x0000000095f00000, 0x0000000096000000, 0x0000000096000000|100%| O|Cm|TAMS 0x0000000095f00000| PB 0x0000000095f00000| Complete 
| 352|0x0000000096000000, 0x0000000096000000, 0x0000000096100000|  0%| F|  |TAMS 0x0000000096000000| PB 0x0000000096000000| Untracked 
| 353|0x0000000096100000, 0x0000000096100000, 0x0000000096200000|  0%| F|  |TAMS 0x0000000096100000| PB 0x0000000096100000| Untracked 
| 354|0x0000000096200000, 0x0000000096200000, 0x0000000096300000|  0%| F|  |TAMS 0x0000000096200000| PB 0x0000000096200000| Untracked 
| 355|0x0000000096300000, 0x0000000096300000, 0x0000000096400000|  0%| F|  |TAMS 0x0000000096300000| PB 0x0000000096300000| Untracked 
| 356|0x0000000096400000, 0x0000000096400000, 0x0000000096500000|  0%| F|  |TAMS 0x0000000096400000| PB 0x0000000096400000| Untracked 
| 357|0x0000000096500000, 0x0000000096500000, 0x0000000096600000|  0%| F|  |TAMS 0x0000000096500000| PB 0x0000000096500000| Untracked 
| 358|0x0000000096600000, 0x0000000096600000, 0x0000000096700000|  0%| F|  |TAMS 0x0000000096600000| PB 0x0000000096600000| Untracked 
| 359|0x0000000096700000, 0x0000000096700000, 0x0000000096800000|  0%| F|  |TAMS 0x0000000096700000| PB 0x0000000096700000| Untracked 
| 360|0x0000000096800000, 0x0000000096800000, 0x0000000096900000|  0%| F|  |TAMS 0x0000000096800000| PB 0x0000000096800000| Untracked 
| 361|0x0000000096900000, 0x0000000096900000, 0x0000000096a00000|  0%| F|  |TAMS 0x0000000096900000| PB 0x0000000096900000| Untracked 
| 362|0x0000000096a00000, 0x0000000096a00000, 0x0000000096b00000|  0%| F|  |TAMS 0x0000000096a00000| PB 0x0000000096a00000| Untracked 
| 363|0x0000000096b00000, 0x0000000096b00000, 0x0000000096c00000|  0%| F|  |TAMS 0x0000000096b00000| PB 0x0000000096b00000| Untracked 
| 364|0x0000000096c00000, 0x0000000096c00000, 0x0000000096d00000|  0%| F|  |TAMS 0x0000000096c00000| PB 0x0000000096c00000| Untracked 
| 365|0x0000000096d00000, 0x0000000096d00000, 0x0000000096e00000|  0%| F|  |TAMS 0x0000000096d00000| PB 0x0000000096d00000| Untracked 
| 366|0x0000000096e00000, 0x0000000096e00000, 0x0000000096f00000|  0%| F|  |TAMS 0x0000000096e00000| PB 0x0000000096e00000| Untracked 
| 367|0x0000000096f00000, 0x0000000096f00000, 0x0000000097000000|  0%| F|  |TAMS 0x0000000096f00000| PB 0x0000000096f00000| Untracked 
| 368|0x0000000097000000, 0x0000000097000000, 0x0000000097100000|  0%| F|  |TAMS 0x0000000097000000| PB 0x0000000097000000| Untracked 
| 369|0x0000000097100000, 0x0000000097100000, 0x0000000097200000|  0%| F|  |TAMS 0x0000000097100000| PB 0x0000000097100000| Untracked 
| 370|0x0000000097200000, 0x0000000097200000, 0x0000000097300000|  0%| F|  |TAMS 0x0000000097200000| PB 0x0000000097200000| Untracked 
| 371|0x0000000097300000, 0x0000000097300000, 0x0000000097400000|  0%| F|  |TAMS 0x0000000097300000| PB 0x0000000097300000| Untracked 
| 372|0x0000000097400000, 0x0000000097400000, 0x0000000097500000|  0%| F|  |TAMS 0x0000000097400000| PB 0x0000000097400000| Untracked 
| 373|0x0000000097500000, 0x0000000097500000, 0x0000000097600000|  0%| F|  |TAMS 0x0000000097500000| PB 0x0000000097500000| Untracked 
| 374|0x0000000097600000, 0x0000000097600000, 0x0000000097700000|  0%| F|  |TAMS 0x0000000097600000| PB 0x0000000097600000| Untracked 
| 375|0x0000000097700000, 0x0000000097700000, 0x0000000097800000|  0%| F|  |TAMS 0x0000000097700000| PB 0x0000000097700000| Untracked 
| 376|0x0000000097800000, 0x0000000097800000, 0x0000000097900000|  0%| F|  |TAMS 0x0000000097800000| PB 0x0000000097800000| Untracked 
| 377|0x0000000097900000, 0x0000000097900000, 0x0000000097a00000|  0%| F|  |TAMS 0x0000000097900000| PB 0x0000000097900000| Untracked 
| 378|0x0000000097a00000, 0x0000000097a00000, 0x0000000097b00000|  0%| F|  |TAMS 0x0000000097a00000| PB 0x0000000097a00000| Untracked 
| 379|0x0000000097b00000, 0x0000000097b00000, 0x0000000097c00000|  0%| F|  |TAMS 0x0000000097b00000| PB 0x0000000097b00000| Untracked 
| 380|0x0000000097c00000, 0x0000000097c00000, 0x0000000097d00000|  0%| F|  |TAMS 0x0000000097c00000| PB 0x0000000097c00000| Untracked 
| 381|0x0000000097d00000, 0x0000000097d00000, 0x0000000097e00000|  0%| F|  |TAMS 0x0000000097d00000| PB 0x0000000097d00000| Untracked 
| 382|0x0000000097e00000, 0x0000000097e00000, 0x0000000097f00000|  0%| F|  |TAMS 0x0000000097e00000| PB 0x0000000097e00000| Untracked 
| 383|0x0000000097f00000, 0x0000000097f00000, 0x0000000098000000|  0%| F|  |TAMS 0x0000000097f00000| PB 0x0000000097f00000| Untracked 
| 384|0x0000000098000000, 0x0000000098000000, 0x0000000098100000|  0%| F|  |TAMS 0x0000000098000000| PB 0x0000000098000000| Untracked 
| 385|0x0000000098100000, 0x0000000098100000, 0x0000000098200000|  0%| F|  |TAMS 0x0000000098100000| PB 0x0000000098100000| Untracked 
| 386|0x0000000098200000, 0x0000000098200000, 0x0000000098300000|  0%| F|  |TAMS 0x0000000098200000| PB 0x0000000098200000| Untracked 
| 387|0x0000000098300000, 0x0000000098300000, 0x0000000098400000|  0%| F|  |TAMS 0x0000000098300000| PB 0x0000000098300000| Untracked 
| 388|0x0000000098400000, 0x0000000098400000, 0x0000000098500000|  0%| F|  |TAMS 0x0000000098400000| PB 0x0000000098400000| Untracked 
| 389|0x0000000098500000, 0x0000000098500000, 0x0000000098600000|  0%| F|  |TAMS 0x0000000098500000| PB 0x0000000098500000| Untracked 
| 390|0x0000000098600000, 0x0000000098600000, 0x0000000098700000|  0%| F|  |TAMS 0x0000000098600000| PB 0x0000000098600000| Untracked 
| 391|0x0000000098700000, 0x0000000098700000, 0x0000000098800000|  0%| F|  |TAMS 0x0000000098700000| PB 0x0000000098700000| Untracked 
| 392|0x0000000098800000, 0x0000000098800000, 0x0000000098900000|  0%| F|  |TAMS 0x0000000098800000| PB 0x0000000098800000| Untracked 
| 393|0x0000000098900000, 0x0000000098900000, 0x0000000098a00000|  0%| F|  |TAMS 0x0000000098900000| PB 0x0000000098900000| Untracked 
| 394|0x0000000098a00000, 0x0000000098a00000, 0x0000000098b00000|  0%| F|  |TAMS 0x0000000098a00000| PB 0x0000000098a00000| Untracked 
| 395|0x0000000098b00000, 0x0000000098b00000, 0x0000000098c00000|  0%| F|  |TAMS 0x0000000098b00000| PB 0x0000000098b00000| Untracked 
| 396|0x0000000098c00000, 0x0000000098c00000, 0x0000000098d00000|  0%| F|  |TAMS 0x0000000098c00000| PB 0x0000000098c00000| Untracked 
| 397|0x0000000098d00000, 0x0000000098d00000, 0x0000000098e00000|  0%| F|  |TAMS 0x0000000098d00000| PB 0x0000000098d00000| Untracked 
| 398|0x0000000098e00000, 0x0000000098e00000, 0x0000000098f00000|  0%| F|  |TAMS 0x0000000098e00000| PB 0x0000000098e00000| Untracked 
| 399|0x0000000098f00000, 0x0000000098f00000, 0x0000000099000000|  0%| F|  |TAMS 0x0000000098f00000| PB 0x0000000098f00000| Untracked 
| 400|0x0000000099000000, 0x0000000099000000, 0x0000000099100000|  0%| F|  |TAMS 0x0000000099000000| PB 0x0000000099000000| Untracked 
| 401|0x0000000099100000, 0x0000000099100000, 0x0000000099200000|  0%| F|  |TAMS 0x0000000099100000| PB 0x0000000099100000| Untracked 
| 402|0x0000000099200000, 0x0000000099200000, 0x0000000099300000|  0%| F|  |TAMS 0x0000000099200000| PB 0x0000000099200000| Untracked 
| 403|0x0000000099300000, 0x0000000099300000, 0x0000000099400000|  0%| F|  |TAMS 0x0000000099300000| PB 0x0000000099300000| Untracked 
| 404|0x0000000099400000, 0x0000000099400000, 0x0000000099500000|  0%| F|  |TAMS 0x0000000099400000| PB 0x0000000099400000| Untracked 
| 405|0x0000000099500000, 0x0000000099500000, 0x0000000099600000|  0%| F|  |TAMS 0x0000000099500000| PB 0x0000000099500000| Untracked 
| 406|0x0000000099600000, 0x0000000099600000, 0x0000000099700000|  0%| F|  |TAMS 0x0000000099600000| PB 0x0000000099600000| Untracked 
| 407|0x0000000099700000, 0x0000000099700000, 0x0000000099800000|  0%| F|  |TAMS 0x0000000099700000| PB 0x0000000099700000| Untracked 
| 408|0x0000000099800000, 0x0000000099800000, 0x0000000099900000|  0%| F|  |TAMS 0x0000000099800000| PB 0x0000000099800000| Untracked 
| 409|0x0000000099900000, 0x0000000099900000, 0x0000000099a00000|  0%| F|  |TAMS 0x0000000099900000| PB 0x0000000099900000| Untracked 
| 410|0x0000000099a00000, 0x0000000099a00000, 0x0000000099b00000|  0%| F|  |TAMS 0x0000000099a00000| PB 0x0000000099a00000| Untracked 
| 411|0x0000000099b00000, 0x0000000099b00000, 0x0000000099c00000|  0%| F|  |TAMS 0x0000000099b00000| PB 0x0000000099b00000| Untracked 
| 412|0x0000000099c00000, 0x0000000099c00000, 0x0000000099d00000|  0%| F|  |TAMS 0x0000000099c00000| PB 0x0000000099c00000| Untracked 
| 413|0x0000000099d00000, 0x0000000099d00000, 0x0000000099e00000|  0%| F|  |TAMS 0x0000000099d00000| PB 0x0000000099d00000| Untracked 
| 414|0x0000000099e00000, 0x0000000099e00000, 0x0000000099f00000|  0%| F|  |TAMS 0x0000000099e00000| PB 0x0000000099e00000| Untracked 
| 415|0x0000000099f00000, 0x0000000099f00000, 0x000000009a000000|  0%| F|  |TAMS 0x0000000099f00000| PB 0x0000000099f00000| Untracked 
| 416|0x000000009a000000, 0x000000009a000000, 0x000000009a100000|  0%| F|  |TAMS 0x000000009a000000| PB 0x000000009a000000| Untracked 
| 417|0x000000009a100000, 0x000000009a100000, 0x000000009a200000|  0%| F|  |TAMS 0x000000009a100000| PB 0x000000009a100000| Untracked 
| 418|0x000000009a200000, 0x000000009a200000, 0x000000009a300000|  0%| F|  |TAMS 0x000000009a200000| PB 0x000000009a200000| Untracked 
| 419|0x000000009a300000, 0x000000009a300000, 0x000000009a400000|  0%| F|  |TAMS 0x000000009a300000| PB 0x000000009a300000| Untracked 
| 420|0x000000009a400000, 0x000000009a400000, 0x000000009a500000|  0%| F|  |TAMS 0x000000009a400000| PB 0x000000009a400000| Untracked 
| 421|0x000000009a500000, 0x000000009a500000, 0x000000009a600000|  0%| F|  |TAMS 0x000000009a500000| PB 0x000000009a500000| Untracked 
| 422|0x000000009a600000, 0x000000009a600000, 0x000000009a700000|  0%| F|  |TAMS 0x000000009a600000| PB 0x000000009a600000| Untracked 
| 423|0x000000009a700000, 0x000000009a700000, 0x000000009a800000|  0%| F|  |TAMS 0x000000009a700000| PB 0x000000009a700000| Untracked 
| 424|0x000000009a800000, 0x000000009a800000, 0x000000009a900000|  0%| F|  |TAMS 0x000000009a800000| PB 0x000000009a800000| Untracked 
| 425|0x000000009a900000, 0x000000009a900000, 0x000000009aa00000|  0%| F|  |TAMS 0x000000009a900000| PB 0x000000009a900000| Untracked 
| 426|0x000000009aa00000, 0x000000009aa00000, 0x000000009ab00000|  0%| F|  |TAMS 0x000000009aa00000| PB 0x000000009aa00000| Untracked 
| 427|0x000000009ab00000, 0x000000009ab00000, 0x000000009ac00000|  0%| F|  |TAMS 0x000000009ab00000| PB 0x000000009ab00000| Untracked 
| 428|0x000000009ac00000, 0x000000009ac00000, 0x000000009ad00000|  0%| F|  |TAMS 0x000000009ac00000| PB 0x000000009ac00000| Untracked 
| 429|0x000000009ad00000, 0x000000009ad00000, 0x000000009ae00000|  0%| F|  |TAMS 0x000000009ad00000| PB 0x000000009ad00000| Untracked 
| 430|0x000000009ae00000, 0x000000009ae00000, 0x000000009af00000|  0%| F|  |TAMS 0x000000009ae00000| PB 0x000000009ae00000| Untracked 
| 431|0x000000009af00000, 0x000000009af00000, 0x000000009b000000|  0%| F|  |TAMS 0x000000009af00000| PB 0x000000009af00000| Untracked 
| 432|0x000000009b000000, 0x000000009b000000, 0x000000009b100000|  0%| F|  |TAMS 0x000000009b000000| PB 0x000000009b000000| Untracked 
| 433|0x000000009b100000, 0x000000009b100000, 0x000000009b200000|  0%| F|  |TAMS 0x000000009b100000| PB 0x000000009b100000| Untracked 
| 434|0x000000009b200000, 0x000000009b200000, 0x000000009b300000|  0%| F|  |TAMS 0x000000009b200000| PB 0x000000009b200000| Untracked 
| 435|0x000000009b300000, 0x000000009b300000, 0x000000009b400000|  0%| F|  |TAMS 0x000000009b300000| PB 0x000000009b300000| Untracked 
| 436|0x000000009b400000, 0x000000009b400000, 0x000000009b500000|  0%| F|  |TAMS 0x000000009b400000| PB 0x000000009b400000| Untracked 
| 437|0x000000009b500000, 0x000000009b500000, 0x000000009b600000|  0%| F|  |TAMS 0x000000009b500000| PB 0x000000009b500000| Untracked 
| 438|0x000000009b600000, 0x000000009b600000, 0x000000009b700000|  0%| F|  |TAMS 0x000000009b600000| PB 0x000000009b600000| Untracked 
| 439|0x000000009b700000, 0x000000009b700000, 0x000000009b800000|  0%| F|  |TAMS 0x000000009b700000| PB 0x000000009b700000| Untracked 
| 440|0x000000009b800000, 0x000000009b800000, 0x000000009b900000|  0%| F|  |TAMS 0x000000009b800000| PB 0x000000009b800000| Untracked 
| 441|0x000000009b900000, 0x000000009b900000, 0x000000009ba00000|  0%| F|  |TAMS 0x000000009b900000| PB 0x000000009b900000| Untracked 
| 442|0x000000009ba00000, 0x000000009ba00000, 0x000000009bb00000|  0%| F|  |TAMS 0x000000009ba00000| PB 0x000000009ba00000| Untracked 
| 443|0x000000009bb00000, 0x000000009bb00000, 0x000000009bc00000|  0%| F|  |TAMS 0x000000009bb00000| PB 0x000000009bb00000| Untracked 
| 444|0x000000009bc00000, 0x000000009bc00000, 0x000000009bd00000|  0%| F|  |TAMS 0x000000009bc00000| PB 0x000000009bc00000| Untracked 
| 445|0x000000009bd00000, 0x000000009bd00000, 0x000000009be00000|  0%| F|  |TAMS 0x000000009bd00000| PB 0x000000009bd00000| Untracked 
| 446|0x000000009be00000, 0x000000009be00000, 0x000000009bf00000|  0%| F|  |TAMS 0x000000009be00000| PB 0x000000009be00000| Untracked 
| 447|0x000000009bf00000, 0x000000009bf00000, 0x000000009c000000|  0%| F|  |TAMS 0x000000009bf00000| PB 0x000000009bf00000| Untracked 
| 448|0x000000009c000000, 0x000000009c000000, 0x000000009c100000|  0%| F|  |TAMS 0x000000009c000000| PB 0x000000009c000000| Untracked 
| 449|0x000000009c100000, 0x000000009c100000, 0x000000009c200000|  0%| F|  |TAMS 0x000000009c100000| PB 0x000000009c100000| Untracked 
| 450|0x000000009c200000, 0x000000009c200000, 0x000000009c300000|  0%| F|  |TAMS 0x000000009c200000| PB 0x000000009c200000| Untracked 
| 451|0x000000009c300000, 0x000000009c300000, 0x000000009c400000|  0%| F|  |TAMS 0x000000009c300000| PB 0x000000009c300000| Untracked 
| 452|0x000000009c400000, 0x000000009c400000, 0x000000009c500000|  0%| F|  |TAMS 0x000000009c400000| PB 0x000000009c400000| Untracked 
| 453|0x000000009c500000, 0x000000009c500000, 0x000000009c600000|  0%| F|  |TAMS 0x000000009c500000| PB 0x000000009c500000| Untracked 
| 454|0x000000009c600000, 0x000000009c600000, 0x000000009c700000|  0%| F|  |TAMS 0x000000009c600000| PB 0x000000009c600000| Untracked 
| 455|0x000000009c700000, 0x000000009c700000, 0x000000009c800000|  0%| F|  |TAMS 0x000000009c700000| PB 0x000000009c700000| Untracked 
| 456|0x000000009c800000, 0x000000009c800000, 0x000000009c900000|  0%| F|  |TAMS 0x000000009c800000| PB 0x000000009c800000| Untracked 
| 457|0x000000009c900000, 0x000000009c900000, 0x000000009ca00000|  0%| F|  |TAMS 0x000000009c900000| PB 0x000000009c900000| Untracked 
| 458|0x000000009ca00000, 0x000000009ca00000, 0x000000009cb00000|  0%| F|  |TAMS 0x000000009ca00000| PB 0x000000009ca00000| Untracked 
| 459|0x000000009cb00000, 0x000000009cb00000, 0x000000009cc00000|  0%| F|  |TAMS 0x000000009cb00000| PB 0x000000009cb00000| Untracked 
| 460|0x000000009cc00000, 0x000000009cd00000, 0x000000009cd00000|100%| S|CS|TAMS 0x000000009cc00000| PB 0x000000009cc00000| Complete 
| 461|0x000000009cd00000, 0x000000009ce00000, 0x000000009ce00000|100%| S|CS|TAMS 0x000000009cd00000| PB 0x000000009cd00000| Complete 
| 462|0x000000009ce00000, 0x000000009cf00000, 0x000000009cf00000|100%| S|CS|TAMS 0x000000009ce00000| PB 0x000000009ce00000| Complete 
| 463|0x000000009cf00000, 0x000000009d000000, 0x000000009d000000|100%| S|CS|TAMS 0x000000009cf00000| PB 0x000000009cf00000| Complete 
| 464|0x000000009d000000, 0x000000009d100000, 0x000000009d100000|100%| S|CS|TAMS 0x000000009d000000| PB 0x000000009d000000| Complete 
| 465|0x000000009d100000, 0x000000009d200000, 0x000000009d200000|100%| S|CS|TAMS 0x000000009d100000| PB 0x000000009d100000| Complete 
| 466|0x000000009d200000, 0x000000009d300000, 0x000000009d300000|100%| S|CS|TAMS 0x000000009d200000| PB 0x000000009d200000| Complete 
| 467|0x000000009d300000, 0x000000009d400000, 0x000000009d400000|100%| S|CS|TAMS 0x000000009d300000| PB 0x000000009d300000| Complete 
| 468|0x000000009d400000, 0x000000009d500000, 0x000000009d500000|100%| S|CS|TAMS 0x000000009d400000| PB 0x000000009d400000| Complete 
| 469|0x000000009d500000, 0x000000009d600000, 0x000000009d600000|100%| S|CS|TAMS 0x000000009d500000| PB 0x000000009d500000| Complete 
| 470|0x000000009d600000, 0x000000009d700000, 0x000000009d700000|100%| S|CS|TAMS 0x000000009d600000| PB 0x000000009d600000| Complete 
| 471|0x000000009d700000, 0x000000009d700000, 0x000000009d800000|  0%| F|  |TAMS 0x000000009d700000| PB 0x000000009d700000| Untracked 
| 472|0x000000009d800000, 0x000000009d800000, 0x000000009d900000|  0%| F|  |TAMS 0x000000009d800000| PB 0x000000009d800000| Untracked 
| 473|0x000000009d900000, 0x000000009d900000, 0x000000009da00000|  0%| F|  |TAMS 0x000000009d900000| PB 0x000000009d900000| Untracked 
| 474|0x000000009da00000, 0x000000009da00000, 0x000000009db00000|  0%| F|  |TAMS 0x000000009da00000| PB 0x000000009da00000| Untracked 
| 475|0x000000009db00000, 0x000000009db00000, 0x000000009dc00000|  0%| F|  |TAMS 0x000000009db00000| PB 0x000000009db00000| Untracked 
| 476|0x000000009dc00000, 0x000000009dc00000, 0x000000009dd00000|  0%| F|  |TAMS 0x000000009dc00000| PB 0x000000009dc00000| Untracked 
| 477|0x000000009dd00000, 0x000000009dd00000, 0x000000009de00000|  0%| F|  |TAMS 0x000000009dd00000| PB 0x000000009dd00000| Untracked 
| 478|0x000000009de00000, 0x000000009de00000, 0x000000009df00000|  0%| F|  |TAMS 0x000000009de00000| PB 0x000000009de00000| Untracked 
| 479|0x000000009df00000, 0x000000009df00000, 0x000000009e000000|  0%| F|  |TAMS 0x000000009df00000| PB 0x000000009df00000| Untracked 
| 480|0x000000009e000000, 0x000000009e000000, 0x000000009e100000|  0%| F|  |TAMS 0x000000009e000000| PB 0x000000009e000000| Untracked 
| 481|0x000000009e100000, 0x000000009e100000, 0x000000009e200000|  0%| F|  |TAMS 0x000000009e100000| PB 0x000000009e100000| Untracked 
| 482|0x000000009e200000, 0x000000009e200000, 0x000000009e300000|  0%| F|  |TAMS 0x000000009e200000| PB 0x000000009e200000| Untracked 
| 483|0x000000009e300000, 0x000000009e300000, 0x000000009e400000|  0%| F|  |TAMS 0x000000009e300000| PB 0x000000009e300000| Untracked 
| 484|0x000000009e400000, 0x000000009e400000, 0x000000009e500000|  0%| F|  |TAMS 0x000000009e400000| PB 0x000000009e400000| Untracked 
| 485|0x000000009e500000, 0x000000009e500000, 0x000000009e600000|  0%| F|  |TAMS 0x000000009e500000| PB 0x000000009e500000| Untracked 
| 486|0x000000009e600000, 0x000000009e600000, 0x000000009e700000|  0%| F|  |TAMS 0x000000009e600000| PB 0x000000009e600000| Untracked 
| 487|0x000000009e700000, 0x000000009e700000, 0x000000009e800000|  0%| F|  |TAMS 0x000000009e700000| PB 0x000000009e700000| Untracked 
| 488|0x000000009e800000, 0x000000009e800000, 0x000000009e900000|  0%| F|  |TAMS 0x000000009e800000| PB 0x000000009e800000| Untracked 
| 489|0x000000009e900000, 0x000000009e900000, 0x000000009ea00000|  0%| F|  |TAMS 0x000000009e900000| PB 0x000000009e900000| Untracked 
| 490|0x000000009ea00000, 0x000000009ea00000, 0x000000009eb00000|  0%| F|  |TAMS 0x000000009ea00000| PB 0x000000009ea00000| Untracked 
| 491|0x000000009eb00000, 0x000000009eb00000, 0x000000009ec00000|  0%| F|  |TAMS 0x000000009eb00000| PB 0x000000009eb00000| Untracked 
| 492|0x000000009ec00000, 0x000000009ec00000, 0x000000009ed00000|  0%| F|  |TAMS 0x000000009ec00000| PB 0x000000009ec00000| Untracked 
| 493|0x000000009ed00000, 0x000000009ed00000, 0x000000009ee00000|  0%| F|  |TAMS 0x000000009ed00000| PB 0x000000009ed00000| Untracked 
| 494|0x000000009ee00000, 0x000000009ee00000, 0x000000009ef00000|  0%| F|  |TAMS 0x000000009ee00000| PB 0x000000009ee00000| Untracked 
| 495|0x000000009ef00000, 0x000000009ef00000, 0x000000009f000000|  0%| F|  |TAMS 0x000000009ef00000| PB 0x000000009ef00000| Untracked 
| 496|0x000000009f000000, 0x000000009f000000, 0x000000009f100000|  0%| F|  |TAMS 0x000000009f000000| PB 0x000000009f000000| Untracked 
| 497|0x000000009f100000, 0x000000009f100000, 0x000000009f200000|  0%| F|  |TAMS 0x000000009f100000| PB 0x000000009f100000| Untracked 
| 498|0x000000009f200000, 0x000000009f200000, 0x000000009f300000|  0%| F|  |TAMS 0x000000009f200000| PB 0x000000009f200000| Untracked 
| 499|0x000000009f300000, 0x000000009f3ea8f8, 0x000000009f400000| 91%| E|  |TAMS 0x000000009f300000| PB 0x000000009f300000| Complete 
| 500|0x000000009f400000, 0x000000009f500000, 0x000000009f500000|100%| E|CS|TAMS 0x000000009f400000| PB 0x000000009f400000| Complete 
| 501|0x000000009f500000, 0x000000009f600000, 0x000000009f600000|100%| E|CS|TAMS 0x000000009f500000| PB 0x000000009f500000| Complete 
| 502|0x000000009f600000, 0x000000009f700000, 0x000000009f700000|100%| E|CS|TAMS 0x000000009f600000| PB 0x000000009f600000| Complete 
| 503|0x000000009f700000, 0x000000009f800000, 0x000000009f800000|100%| E|CS|TAMS 0x000000009f700000| PB 0x000000009f700000| Complete 
| 504|0x000000009f800000, 0x000000009f900000, 0x000000009f900000|100%| E|CS|TAMS 0x000000009f800000| PB 0x000000009f800000| Complete 
| 505|0x000000009f900000, 0x000000009fa00000, 0x000000009fa00000|100%| E|CS|TAMS 0x000000009f900000| PB 0x000000009f900000| Complete 
| 506|0x000000009fa00000, 0x000000009fb00000, 0x000000009fb00000|100%| E|CS|TAMS 0x000000009fa00000| PB 0x000000009fa00000| Complete 
| 507|0x000000009fb00000, 0x000000009fc00000, 0x000000009fc00000|100%| E|CS|TAMS 0x000000009fb00000| PB 0x000000009fb00000| Complete 
| 508|0x000000009fc00000, 0x000000009fd00000, 0x000000009fd00000|100%| E|CS|TAMS 0x000000009fc00000| PB 0x000000009fc00000| Complete 
| 509|0x000000009fd00000, 0x000000009fe00000, 0x000000009fe00000|100%| E|CS|TAMS 0x000000009fd00000| PB 0x000000009fd00000| Complete 
| 510|0x000000009fe00000, 0x000000009ff00000, 0x000000009ff00000|100%| E|CS|TAMS 0x000000009fe00000| PB 0x000000009fe00000| Complete 
| 511|0x000000009ff00000, 0x00000000a0000000, 0x00000000a0000000|100%| E|CS|TAMS 0x000000009ff00000| PB 0x000000009ff00000| Complete 
| 512|0x00000000a0000000, 0x00000000a0100000, 0x00000000a0100000|100%| E|CS|TAMS 0x00000000a0000000| PB 0x00000000a0000000| Complete 
| 513|0x00000000a0100000, 0x00000000a0200000, 0x00000000a0200000|100%| E|CS|TAMS 0x00000000a0100000| PB 0x00000000a0100000| Complete 
| 514|0x00000000a0200000, 0x00000000a0300000, 0x00000000a0300000|100%| E|  |TAMS 0x00000000a0200000| PB 0x00000000a0200000| Complete 
| 515|0x00000000a0300000, 0x00000000a0400000, 0x00000000a0400000|100%| E|CS|TAMS 0x00000000a0300000| PB 0x00000000a0300000| Complete 
| 516|0x00000000a0400000, 0x00000000a0500000, 0x00000000a0500000|100%| E|CS|TAMS 0x00000000a0400000| PB 0x00000000a0400000| Complete 
| 517|0x00000000a0500000, 0x00000000a0600000, 0x00000000a0600000|100%| E|CS|TAMS 0x00000000a0500000| PB 0x00000000a0500000| Complete 
| 518|0x00000000a0600000, 0x00000000a0700000, 0x00000000a0700000|100%| E|CS|TAMS 0x00000000a0600000| PB 0x00000000a0600000| Complete 
| 519|0x00000000a0700000, 0x00000000a0800000, 0x00000000a0800000|100%| E|CS|TAMS 0x00000000a0700000| PB 0x00000000a0700000| Complete 
| 520|0x00000000a0800000, 0x00000000a0900000, 0x00000000a0900000|100%| E|CS|TAMS 0x00000000a0800000| PB 0x00000000a0800000| Complete 
| 521|0x00000000a0900000, 0x00000000a0a00000, 0x00000000a0a00000|100%| E|CS|TAMS 0x00000000a0900000| PB 0x00000000a0900000| Complete 
| 522|0x00000000a0a00000, 0x00000000a0b00000, 0x00000000a0b00000|100%| E|CS|TAMS 0x00000000a0a00000| PB 0x00000000a0a00000| Complete 
| 523|0x00000000a0b00000, 0x00000000a0c00000, 0x00000000a0c00000|100%| E|CS|TAMS 0x00000000a0b00000| PB 0x00000000a0b00000| Complete 
| 524|0x00000000a0c00000, 0x00000000a0d00000, 0x00000000a0d00000|100%| E|CS|TAMS 0x00000000a0c00000| PB 0x00000000a0c00000| Complete 
| 525|0x00000000a0d00000, 0x00000000a0e00000, 0x00000000a0e00000|100%| E|CS|TAMS 0x00000000a0d00000| PB 0x00000000a0d00000| Complete 
| 526|0x00000000a0e00000, 0x00000000a0f00000, 0x00000000a0f00000|100%| E|CS|TAMS 0x00000000a0e00000| PB 0x00000000a0e00000| Complete 
| 527|0x00000000a0f00000, 0x00000000a1000000, 0x00000000a1000000|100%| E|CS|TAMS 0x00000000a0f00000| PB 0x00000000a0f00000| Complete 
| 528|0x00000000a1000000, 0x00000000a1100000, 0x00000000a1100000|100%| E|CS|TAMS 0x00000000a1000000| PB 0x00000000a1000000| Complete 
| 529|0x00000000a1100000, 0x00000000a1200000, 0x00000000a1200000|100%| E|CS|TAMS 0x00000000a1100000| PB 0x00000000a1100000| Complete 
| 530|0x00000000a1200000, 0x00000000a1300000, 0x00000000a1300000|100%| E|CS|TAMS 0x00000000a1200000| PB 0x00000000a1200000| Complete 
| 531|0x00000000a1300000, 0x00000000a1400000, 0x00000000a1400000|100%| E|CS|TAMS 0x00000000a1300000| PB 0x00000000a1300000| Complete 
| 532|0x00000000a1400000, 0x00000000a1500000, 0x00000000a1500000|100%| E|CS|TAMS 0x00000000a1400000| PB 0x00000000a1400000| Complete 
| 533|0x00000000a1500000, 0x00000000a1600000, 0x00000000a1600000|100%| E|CS|TAMS 0x00000000a1500000| PB 0x00000000a1500000| Complete 
| 534|0x00000000a1600000, 0x00000000a1700000, 0x00000000a1700000|100%| E|CS|TAMS 0x00000000a1600000| PB 0x00000000a1600000| Complete 
| 535|0x00000000a1700000, 0x00000000a1800000, 0x00000000a1800000|100%| E|CS|TAMS 0x00000000a1700000| PB 0x00000000a1700000| Complete 
| 536|0x00000000a1800000, 0x00000000a1900000, 0x00000000a1900000|100%| E|CS|TAMS 0x00000000a1800000| PB 0x00000000a1800000| Complete 
| 537|0x00000000a1900000, 0x00000000a1a00000, 0x00000000a1a00000|100%| E|CS|TAMS 0x00000000a1900000| PB 0x00000000a1900000| Complete 
| 538|0x00000000a1a00000, 0x00000000a1b00000, 0x00000000a1b00000|100%| E|CS|TAMS 0x00000000a1a00000| PB 0x00000000a1a00000| Complete 
| 539|0x00000000a1b00000, 0x00000000a1c00000, 0x00000000a1c00000|100%| E|CS|TAMS 0x00000000a1b00000| PB 0x00000000a1b00000| Complete 
| 540|0x00000000a1c00000, 0x00000000a1d00000, 0x00000000a1d00000|100%| E|CS|TAMS 0x00000000a1c00000| PB 0x00000000a1c00000| Complete 
| 541|0x00000000a1d00000, 0x00000000a1e00000, 0x00000000a1e00000|100%| E|CS|TAMS 0x00000000a1d00000| PB 0x00000000a1d00000| Complete 
| 542|0x00000000a1e00000, 0x00000000a1f00000, 0x00000000a1f00000|100%| E|CS|TAMS 0x00000000a1e00000| PB 0x00000000a1e00000| Complete 
| 543|0x00000000a1f00000, 0x00000000a2000000, 0x00000000a2000000|100%| E|CS|TAMS 0x00000000a1f00000| PB 0x00000000a1f00000| Complete 
| 544|0x00000000a2000000, 0x00000000a2100000, 0x00000000a2100000|100%| E|CS|TAMS 0x00000000a2000000| PB 0x00000000a2000000| Complete 
| 545|0x00000000a2100000, 0x00000000a2200000, 0x00000000a2200000|100%| E|CS|TAMS 0x00000000a2100000| PB 0x00000000a2100000| Complete 
| 546|0x00000000a2200000, 0x00000000a2300000, 0x00000000a2300000|100%| E|CS|TAMS 0x00000000a2200000| PB 0x00000000a2200000| Complete 
| 547|0x00000000a2300000, 0x00000000a2400000, 0x00000000a2400000|100%| E|CS|TAMS 0x00000000a2300000| PB 0x00000000a2300000| Complete 
| 548|0x00000000a2400000, 0x00000000a2500000, 0x00000000a2500000|100%| E|CS|TAMS 0x00000000a2400000| PB 0x00000000a2400000| Complete 
| 549|0x00000000a2500000, 0x00000000a2600000, 0x00000000a2600000|100%| E|CS|TAMS 0x00000000a2500000| PB 0x00000000a2500000| Complete 
| 550|0x00000000a2600000, 0x00000000a2700000, 0x00000000a2700000|100%| E|CS|TAMS 0x00000000a2600000| PB 0x00000000a2600000| Complete 
| 551|0x00000000a2700000, 0x00000000a2800000, 0x00000000a2800000|100%| E|CS|TAMS 0x00000000a2700000| PB 0x00000000a2700000| Complete 
| 552|0x00000000a2800000, 0x00000000a2900000, 0x00000000a2900000|100%| E|CS|TAMS 0x00000000a2800000| PB 0x00000000a2800000| Complete 
| 553|0x00000000a2900000, 0x00000000a2a00000, 0x00000000a2a00000|100%| E|CS|TAMS 0x00000000a2900000| PB 0x00000000a2900000| Complete 
| 554|0x00000000a2a00000, 0x00000000a2b00000, 0x00000000a2b00000|100%| E|CS|TAMS 0x00000000a2a00000| PB 0x00000000a2a00000| Complete 
| 555|0x00000000a2b00000, 0x00000000a2c00000, 0x00000000a2c00000|100%| E|CS|TAMS 0x00000000a2b00000| PB 0x00000000a2b00000| Complete 
| 556|0x00000000a2c00000, 0x00000000a2d00000, 0x00000000a2d00000|100%| E|CS|TAMS 0x00000000a2c00000| PB 0x00000000a2c00000| Complete 
| 557|0x00000000a2d00000, 0x00000000a2e00000, 0x00000000a2e00000|100%| E|CS|TAMS 0x00000000a2d00000| PB 0x00000000a2d00000| Complete 
| 558|0x00000000a2e00000, 0x00000000a2f00000, 0x00000000a2f00000|100%| E|CS|TAMS 0x00000000a2e00000| PB 0x00000000a2e00000| Complete 
| 559|0x00000000a2f00000, 0x00000000a3000000, 0x00000000a3000000|100%| E|CS|TAMS 0x00000000a2f00000| PB 0x00000000a2f00000| Complete 
| 560|0x00000000a3000000, 0x00000000a3100000, 0x00000000a3100000|100%| E|CS|TAMS 0x00000000a3000000| PB 0x00000000a3000000| Complete 
| 561|0x00000000a3100000, 0x00000000a3200000, 0x00000000a3200000|100%| E|CS|TAMS 0x00000000a3100000| PB 0x00000000a3100000| Complete 
| 562|0x00000000a3200000, 0x00000000a3300000, 0x00000000a3300000|100%| E|CS|TAMS 0x00000000a3200000| PB 0x00000000a3200000| Complete 
| 563|0x00000000a3300000, 0x00000000a3400000, 0x00000000a3400000|100%| E|CS|TAMS 0x00000000a3300000| PB 0x00000000a3300000| Complete 
| 564|0x00000000a3400000, 0x00000000a3500000, 0x00000000a3500000|100%| E|CS|TAMS 0x00000000a3400000| PB 0x00000000a3400000| Complete 
| 565|0x00000000a3500000, 0x00000000a3600000, 0x00000000a3600000|100%| E|CS|TAMS 0x00000000a3500000| PB 0x00000000a3500000| Complete 
| 566|0x00000000a3600000, 0x00000000a3700000, 0x00000000a3700000|100%| E|CS|TAMS 0x00000000a3600000| PB 0x00000000a3600000| Complete 
| 567|0x00000000a3700000, 0x00000000a3800000, 0x00000000a3800000|100%| E|CS|TAMS 0x00000000a3700000| PB 0x00000000a3700000| Complete 
| 568|0x00000000a3800000, 0x00000000a3900000, 0x00000000a3900000|100%| E|CS|TAMS 0x00000000a3800000| PB 0x00000000a3800000| Complete 
| 569|0x00000000a3900000, 0x00000000a3a00000, 0x00000000a3a00000|100%| E|CS|TAMS 0x00000000a3900000| PB 0x00000000a3900000| Complete 
| 570|0x00000000a3a00000, 0x00000000a3b00000, 0x00000000a3b00000|100%| E|CS|TAMS 0x00000000a3a00000| PB 0x00000000a3a00000| Complete 
| 571|0x00000000a3b00000, 0x00000000a3c00000, 0x00000000a3c00000|100%| E|CS|TAMS 0x00000000a3b00000| PB 0x00000000a3b00000| Complete 
| 572|0x00000000a3c00000, 0x00000000a3d00000, 0x00000000a3d00000|100%| E|CS|TAMS 0x00000000a3c00000| PB 0x00000000a3c00000| Complete 
| 573|0x00000000a3d00000, 0x00000000a3e00000, 0x00000000a3e00000|100%| E|CS|TAMS 0x00000000a3d00000| PB 0x00000000a3d00000| Complete 
| 574|0x00000000a3e00000, 0x00000000a3f00000, 0x00000000a3f00000|100%| E|CS|TAMS 0x00000000a3e00000| PB 0x00000000a3e00000| Complete 
| 575|0x00000000a3f00000, 0x00000000a4000000, 0x00000000a4000000|100%| E|CS|TAMS 0x00000000a3f00000| PB 0x00000000a3f00000| Complete 
| 576|0x00000000a4000000, 0x00000000a4100000, 0x00000000a4100000|100%| E|CS|TAMS 0x00000000a4000000| PB 0x00000000a4000000| Complete 
| 577|0x00000000a4100000, 0x00000000a4200000, 0x00000000a4200000|100%| E|CS|TAMS 0x00000000a4100000| PB 0x00000000a4100000| Complete 
| 578|0x00000000a4200000, 0x00000000a4300000, 0x00000000a4300000|100%| E|CS|TAMS 0x00000000a4200000| PB 0x00000000a4200000| Complete 
| 579|0x00000000a4300000, 0x00000000a4400000, 0x00000000a4400000|100%| E|CS|TAMS 0x00000000a4300000| PB 0x00000000a4300000| Complete 
| 580|0x00000000a4400000, 0x00000000a4500000, 0x00000000a4500000|100%| E|CS|TAMS 0x00000000a4400000| PB 0x00000000a4400000| Complete 
| 581|0x00000000a4500000, 0x00000000a4600000, 0x00000000a4600000|100%| E|CS|TAMS 0x00000000a4500000| PB 0x00000000a4500000| Complete 
| 582|0x00000000a4600000, 0x00000000a4700000, 0x00000000a4700000|100%| E|CS|TAMS 0x00000000a4600000| PB 0x00000000a4600000| Complete 
| 583|0x00000000a4700000, 0x00000000a4800000, 0x00000000a4800000|100%| E|CS|TAMS 0x00000000a4700000| PB 0x00000000a4700000| Complete 
| 584|0x00000000a4800000, 0x00000000a4900000, 0x00000000a4900000|100%| E|CS|TAMS 0x00000000a4800000| PB 0x00000000a4800000| Complete 
| 585|0x00000000a4900000, 0x00000000a4a00000, 0x00000000a4a00000|100%| E|CS|TAMS 0x00000000a4900000| PB 0x00000000a4900000| Complete 
| 586|0x00000000a4a00000, 0x00000000a4b00000, 0x00000000a4b00000|100%| E|CS|TAMS 0x00000000a4a00000| PB 0x00000000a4a00000| Complete 
| 587|0x00000000a4b00000, 0x00000000a4c00000, 0x00000000a4c00000|100%| E|CS|TAMS 0x00000000a4b00000| PB 0x00000000a4b00000| Complete 
| 588|0x00000000a4c00000, 0x00000000a4d00000, 0x00000000a4d00000|100%| E|CS|TAMS 0x00000000a4c00000| PB 0x00000000a4c00000| Complete 
| 589|0x00000000a4d00000, 0x00000000a4e00000, 0x00000000a4e00000|100%| E|CS|TAMS 0x00000000a4d00000| PB 0x00000000a4d00000| Complete 
|2044|0x00000000ffc00000, 0x00000000ffd00000, 0x00000000ffd00000|100%| E|CS|TAMS 0x00000000ffc00000| PB 0x00000000ffc00000| Complete 
|2045|0x00000000ffd00000, 0x00000000ffe00000, 0x00000000ffe00000|100%| E|CS|TAMS 0x00000000ffd00000| PB 0x00000000ffd00000| Complete 
|2046|0x00000000ffe00000, 0x00000000fff00000, 0x00000000fff00000|100%| E|CS|TAMS 0x00000000ffe00000| PB 0x00000000ffe00000| Complete 
|2047|0x00000000fff00000, 0x0000000100000000, 0x0000000100000000|100%| E|CS|TAMS 0x00000000fff00000| PB 0x00000000fff00000| Complete 

Card table byte_map: [0x000001f0f8c70000,0x000001f0f9070000] _byte_map_base: 0x000001f0f8870000

Marking Bits: (CMBitMap*) 0x000001f0f84dc370
 Bits: [0x000001f0f9070000, 0x000001f0fb070000)

Polling page: 0x000001f0f6430000

Metaspace:

Usage:
  Non-class:    126.61 MB used.
      Class:     19.66 MB used.
       Both:    146.27 MB used.

Virtual space:
  Non-class space:      192.00 MB reserved,     128.25 MB ( 67%) committed,  3 nodes.
      Class space:      416.00 MB reserved,      21.12 MB (  5%) committed,  1 nodes.
             Both:      608.00 MB reserved,     149.38 MB ( 25%) committed. 

Chunk freelists:
   Non-Class:  15.30 MB
       Class:  10.72 MB
        Both:  26.01 MB

MaxMetaspaceSize: 512.00 MB
CompressedClassSpaceSize: 416.00 MB
Initial GC threshold: 21.00 MB
Current GC threshold: 248.69 MB
CDS: on
 - commit_granule_bytes: 65536.
 - commit_granule_words: 8192.
 - virtual_space_node_default_size: 8388608.
 - enlarge_chunks_in_place: 1.
 - use_allocation_guard: 0.


Internal statistics:

num_allocs_failed_limit: 6.
num_arena_births: 4980.
num_arena_deaths: 0.
num_vsnodes_births: 4.
num_vsnodes_deaths: 0.
num_space_committed: 2389.
num_space_uncommitted: 0.
num_chunks_returned_to_freelist: 6.
num_chunks_taken_from_freelist: 11937.
num_chunk_merges: 6.
num_chunk_splits: 7783.
num_chunks_enlarged: 4961.
num_inconsistent_stats: 0.

CodeHeap 'non-profiled nmethods': size=120000Kb used=19761Kb max_used=21349Kb free=100238Kb
 bounds [0x000001f090110000, 0x000001f0915f0000, 0x000001f097640000]
CodeHeap 'profiled nmethods': size=120000Kb used=44264Kb max_used=47138Kb free=75735Kb
 bounds [0x000001f088640000, 0x000001f08b450000, 0x000001f08fb70000]
CodeHeap 'non-nmethods': size=5760Kb used=3055Kb max_used=3173Kb free=2704Kb
 bounds [0x000001f08fb70000, 0x000001f08fea0000, 0x000001f090110000]
CodeCache: size=245760Kb, used=67080Kb, max_used=71660Kb, free=178677Kb
 total_blobs=22586, nmethods=21479, adapters=1009, full_count=0
Compilation: enabled, stopped_count=0, restarted_count=0

Compilation events (20 events):
Event: 141.410 Thread 0x000001f0fdafe740 27725       3       org.gradle.api.internal.file.collections.DefaultConfigurableFileCollection::lambda$visitChildren$2 (5 bytes)
Event: 141.411 Thread 0x000001f0fdafe740 nmethod 27725 0x000001f089160710 code [0x000001f0891608e0, 0x000001f089160bb0]
Event: 141.411 Thread 0x000001f0fdafe740 27726       3       org.gradle.execution.plan.ValuedVfsHierarchy$$Lambda/0x000001f099bbb9f8::accept (11 bytes)
Event: 141.412 Thread 0x000001f0fdafe740 nmethod 27726 0x000001f088dc7010 code [0x000001f088dc71e0, 0x000001f088dc76b8]
Event: 141.412 Thread 0x000001f0fdafe740 27727       3       org.gradle.execution.plan.ExecutionNodeAccessHierarchy$AbstractNodeAccessVisitor::visitExact (9 bytes)
Event: 141.412 Thread 0x000001f0fdafe740 nmethod 27727 0x000001f088c40f90 code [0x000001f088c41160, 0x000001f088c41510]
Event: 141.412 Thread 0x000001f0fdafe740 27728       3       org.gradle.execution.plan.ExecutionNodeAccessHierarchy$AbstractNodeAccessVisitor::visitExact (6 bytes)
Event: 141.412 Thread 0x000001f0fdafe740 nmethod 27728 0x000001f088b9ab10 code [0x000001f088b9acc0, 0x000001f088b9ae88]
Event: 141.414 Thread 0x000001f0fdafe740 27729       3       org.gradle.execution.plan.ValuedVfsHierarchy$1::handleExactMatchWithChild (9 bytes)
Event: 141.414 Thread 0x000001f0fdafe740 nmethod 27729 0x000001f089195190 code [0x000001f089195360, 0x000001f089195670]
Event: 141.414 Thread 0x000001f0fdafe740 27730       3       org.gradle.execution.plan.ValuedVfsHierarchy$1::handleExactMatchWithChild (11 bytes)
Event: 141.414 Thread 0x000001f0fdafe740 nmethod 27730 0x000001f088a8db90 code [0x000001f088a8dd40, 0x000001f088a8def0]
Event: 141.414 Thread 0x000001f0fdafe740 27731       3       org.gradle.execution.plan.ValuedVfsHierarchy::access$300 (6 bytes)
Event: 141.416 Thread 0x000001f0fdafe740 nmethod 27731 0x000001f088b21b10 code [0x000001f088b21e60, 0x000001f088b23348]
Event: 141.416 Thread 0x000001f0fdaf7d60 27732       4       org.gradle.internal.classloader.ConfigurableClassLoaderHierarchyHasher$Visitor::visit (14 bytes)
Event: 141.420 Thread 0x000001f0fdafe740 27734       3       com.google.common.collect.Maps$FilteredEntryMap$EntrySet$1::transform (9 bytes)
Event: 141.421 Thread 0x000001f0fdafe740 nmethod 27734 0x000001f08882d990 code [0x000001f08882db60, 0x000001f08882e080]
Event: 141.421 Thread 0x000001f0fdafe740 27735       3       com.google.common.collect.Maps$FilteredEntryMap$EntrySet$1::transform (10 bytes)
Event: 141.421 Thread 0x000001f0fdafe740 nmethod 27735 0x000001f088748710 code [0x000001f0887488e0, 0x000001f088748c78]
Event: 141.427 Thread 0x000001f0fdafe740 27736   !   3       org.gradle.api.internal.tasks.properties.DefaultTaskProperties::resolve (225 bytes)

GC Heap History (20 events):
Event: 84.375 GC heap before
{Heap before GC invocations=86 (full 0):
 garbage-first heap   total 408576K, used 349654K [0x0000000080000000, 0x0000000100000000)
  region size 1024K, 109 young (111616K), 5 survivors (5120K)
 Metaspace       used 124122K, committed 127104K, reserved 557056K
  class space    used 17313K, committed 18688K, reserved 425984K
}
Event: 84.395 GC heap after
{Heap after GC invocations=87 (full 0):
 garbage-first heap   total 408576K, used 254975K [0x0000000080000000, 0x0000000100000000)
  region size 1024K, 14 young (14336K), 14 survivors (14336K)
 Metaspace       used 124122K, committed 127104K, reserved 557056K
  class space    used 17313K, committed 18688K, reserved 425984K
}
Event: 87.224 GC heap before
{Heap before GC invocations=87 (full 0):
 garbage-first heap   total 408576K, used 364543K [0x0000000080000000, 0x0000000100000000)
  region size 1024K, 122 young (124928K), 14 survivors (14336K)
 Metaspace       used 127496K, committed 130496K, reserved 557056K
  class space    used 17804K, committed 19200K, reserved 425984K
}
Event: 87.250 GC heap after
{Heap after GC invocations=88 (full 0):
 garbage-first heap   total 408576K, used 264252K [0x0000000080000000, 0x0000000100000000)
  region size 1024K, 12 young (12288K), 12 survivors (12288K)
 Metaspace       used 127496K, committed 130496K, reserved 557056K
  class space    used 17804K, committed 19200K, reserved 425984K
}
Event: 98.592 GC heap before
{Heap before GC invocations=88 (full 0):
 garbage-first heap   total 408576K, used 370748K [0x0000000080000000, 0x0000000100000000)
  region size 1024K, 116 young (118784K), 12 survivors (12288K)
 Metaspace       used 131931K, committed 134976K, reserved 557056K
  class space    used 18322K, committed 19776K, reserved 425984K
}
Event: 98.636 GC heap after
{Heap after GC invocations=89 (full 0):
 garbage-first heap   total 408576K, used 283389K [0x0000000080000000, 0x0000000100000000)
  region size 1024K, 15 young (15360K), 15 survivors (15360K)
 Metaspace       used 131931K, committed 134976K, reserved 557056K
  class space    used 18322K, committed 19776K, reserved 425984K
}
Event: 107.689 GC heap before
{Heap before GC invocations=90 (full 0):
 garbage-first heap   total 473088K, used 368381K [0x0000000080000000, 0x0000000100000000)
  region size 1024K, 98 young (100352K), 15 survivors (15360K)
 Metaspace       used 133366K, committed 136512K, reserved 557056K
  class space    used 18485K, committed 19968K, reserved 425984K
}
Event: 107.731 GC heap after
{Heap after GC invocations=91 (full 0):
 garbage-first heap   total 473088K, used 294936K [0x0000000080000000, 0x0000000100000000)
  region size 1024K, 11 young (11264K), 11 survivors (11264K)
 Metaspace       used 133366K, committed 136512K, reserved 557056K
  class space    used 18485K, committed 19968K, reserved 425984K
}
Event: 113.568 GC heap before
{Heap before GC invocations=91 (full 0):
 garbage-first heap   total 473088K, used 419864K [0x0000000080000000, 0x0000000100000000)
  region size 1024K, 129 young (132096K), 11 survivors (11264K)
 Metaspace       used 136313K, committed 139456K, reserved 557056K
  class space    used 18670K, committed 20160K, reserved 425984K
}
Event: 113.608 GC heap after
{Heap after GC invocations=92 (full 0):
 garbage-first heap   total 473088K, used 306904K [0x0000000080000000, 0x0000000100000000)
  region size 1024K, 15 young (15360K), 15 survivors (15360K)
 Metaspace       used 136313K, committed 139456K, reserved 557056K
  class space    used 18670K, committed 20160K, reserved 425984K
}
Event: 118.477 GC heap before
{Heap before GC invocations=92 (full 0):
 garbage-first heap   total 473088K, used 404184K [0x0000000080000000, 0x0000000100000000)
  region size 1024K, 112 young (114688K), 15 survivors (15360K)
 Metaspace       used 139652K, committed 142848K, reserved 557056K
  class space    used 19117K, committed 20608K, reserved 425984K
}
Event: 118.509 GC heap after
{Heap after GC invocations=93 (full 0):
 garbage-first heap   total 473088K, used 321294K [0x0000000080000000, 0x0000000100000000)
  region size 1024K, 14 young (14336K), 14 survivors (14336K)
 Metaspace       used 139652K, committed 142848K, reserved 557056K
  class space    used 19117K, committed 20608K, reserved 425984K
}
Event: 123.670 GC heap before
{Heap before GC invocations=94 (full 0):
 garbage-first heap   total 539648K, used 439054K [0x0000000080000000, 0x0000000100000000)
  region size 1024K, 120 young (122880K), 14 survivors (14336K)
 Metaspace       used 146376K, committed 149568K, reserved 557056K
  class space    used 19855K, committed 21312K, reserved 425984K
}
Event: 123.726 GC heap after
{Heap after GC invocations=95 (full 0):
 garbage-first heap   total 539648K, used 355328K [0x0000000080000000, 0x0000000100000000)
  region size 1024K, 15 young (15360K), 15 survivors (15360K)
 Metaspace       used 146376K, committed 149568K, reserved 557056K
  class space    used 19855K, committed 21312K, reserved 425984K
}
Event: 133.290 GC heap before
{Heap before GC invocations=95 (full 0):
 garbage-first heap   total 539648K, used 482304K [0x0000000080000000, 0x0000000100000000)
  region size 1024K, 139 young (142336K), 15 survivors (15360K)
 Metaspace       used 149116K, committed 152256K, reserved 622592K
  class space    used 20053K, committed 21504K, reserved 425984K
}
Event: 133.329 GC heap after
{Heap after GC invocations=96 (full 0):
 garbage-first heap   total 539648K, used 361082K [0x0000000080000000, 0x0000000100000000)
  region size 1024K, 8 young (8192K), 8 survivors (8192K)
 Metaspace       used 149116K, committed 152256K, reserved 622592K
  class space    used 20053K, committed 21504K, reserved 425984K
}
Event: 137.428 GC heap before
{Heap before GC invocations=96 (full 0):
 garbage-first heap   total 539648K, used 484986K [0x0000000080000000, 0x0000000100000000)
  region size 1024K, 130 young (133120K), 8 survivors (8192K)
 Metaspace       used 149627K, committed 152768K, reserved 622592K
  class space    used 20126K, committed 21632K, reserved 425984K
}
Event: 137.451 GC heap after
{Heap after GC invocations=97 (full 0):
 garbage-first heap   total 539648K, used 366362K [0x0000000080000000, 0x0000000100000000)
  region size 1024K, 15 young (15360K), 15 survivors (15360K)
 Metaspace       used 149627K, committed 152768K, reserved 622592K
  class space    used 20126K, committed 21632K, reserved 425984K
}
Event: 139.649 GC heap before
{Heap before GC invocations=98 (full 0):
 garbage-first heap   total 608256K, used 489242K [0x0000000080000000, 0x0000000100000000)
  region size 1024K, 138 young (141312K), 15 survivors (15360K)
 Metaspace       used 149628K, committed 152768K, reserved 622592K
  class space    used 20126K, committed 21632K, reserved 425984K
}
Event: 139.676 GC heap after
{Heap after GC invocations=99 (full 0):
 garbage-first heap   total 608256K, used 366367K [0x0000000080000000, 0x0000000100000000)
  region size 1024K, 11 young (11264K), 11 survivors (11264K)
 Metaspace       used 149628K, committed 152768K, reserved 622592K
  class space    used 20126K, committed 21632K, reserved 425984K
}

Dll operation events (15 events):
Event: 0.012 Loaded shared library C:\Program Files\Eclipse Adoptium\jdk-21.0.8.9-hotspot\bin\java.dll
Event: 0.052 Loaded shared library C:\Program Files\Eclipse Adoptium\jdk-21.0.8.9-hotspot\bin\jsvml.dll
Event: 0.120 Loaded shared library C:\Program Files\Eclipse Adoptium\jdk-21.0.8.9-hotspot\bin\zip.dll
Event: 0.125 Loaded shared library C:\Program Files\Eclipse Adoptium\jdk-21.0.8.9-hotspot\bin\instrument.dll
Event: 0.132 Loaded shared library C:\Program Files\Eclipse Adoptium\jdk-21.0.8.9-hotspot\bin\net.dll
Event: 0.135 Loaded shared library C:\Program Files\Eclipse Adoptium\jdk-21.0.8.9-hotspot\bin\nio.dll
Event: 0.140 Loaded shared library C:\Program Files\Eclipse Adoptium\jdk-21.0.8.9-hotspot\bin\zip.dll
Event: 0.570 Loaded shared library C:\Program Files\Eclipse Adoptium\jdk-21.0.8.9-hotspot\bin\jimage.dll
Event: 0.814 Loaded shared library C:\Program Files\Eclipse Adoptium\jdk-21.0.8.9-hotspot\bin\verify.dll
Event: 0.994 Loaded shared library C:\Users\USER\.gradle\native\1def1411415f61bf3af743bc5b6707747c0891f09f0c88961ee8f79bc544acac\windows-amd64\native-platform.dll
Event: 1.015 Loaded shared library C:\Users\USER\.gradle\native\0.2.7\x86_64-windows-gnu\gradle-fileevents.dll
Event: 2.810 Loaded shared library C:\Program Files\Eclipse Adoptium\jdk-21.0.8.9-hotspot\bin\management.dll
Event: 2.813 Loaded shared library C:\Program Files\Eclipse Adoptium\jdk-21.0.8.9-hotspot\bin\management_ext.dll
Event: 3.041 Loaded shared library C:\Program Files\Eclipse Adoptium\jdk-21.0.8.9-hotspot\bin\extnet.dll
Event: 3.364 Loaded shared library C:\Program Files\Eclipse Adoptium\jdk-21.0.8.9-hotspot\bin\sunmscapi.dll

Deoptimization events (20 events):
Event: 141.265 Thread 0x000001f0bba35da0 Uncommon trap: trap_request=0xffffffde fr.pc=0x000001f0915aaf74 relative=0x00000000000001b4
Event: 141.265 Thread 0x000001f0bba35da0 Uncommon trap: reason=class_check action=maybe_recompile pc=0x000001f0915aaf74 method=org.gradle.internal.snapshot.AbstractIncompleteFileSystemNode.store(Lorg/gradle/internal/snapshot/VfsRelativePath;Lorg/gradle/internal/snapshot/CaseSensitivity;Lorg/grad
Event: 141.265 Thread 0x000001f0bba35da0 DEOPT PACKING pc=0x000001f0915aaf74 sp=0x000000b68d4fb240
Event: 141.265 Thread 0x000001f0bba35da0 DEOPT UNPACKING pc=0x000001f08fbc46a2 sp=0x000000b68d4fb1c8 mode 2
Event: 141.265 Thread 0x000001f0bba35da0 Uncommon trap: trap_request=0xffffffde fr.pc=0x000001f09108ae54 relative=0x0000000000000114
Event: 141.265 Thread 0x000001f0bba35da0 Uncommon trap: reason=class_check action=maybe_recompile pc=0x000001f09108ae54 method=org.gradle.internal.snapshot.SnapshotUtil$2.handleAsDescendantOfChild(Lorg/gradle/internal/snapshot/VfsRelativePath;Ljava/lang/Object;)Ljava/lang/Object; @ 3 c2
Event: 141.265 Thread 0x000001f0bba35da0 DEOPT PACKING pc=0x000001f09108ae54 sp=0x000000b68d4fb8a0
Event: 141.265 Thread 0x000001f0bba35da0 DEOPT UNPACKING pc=0x000001f08fbc46a2 sp=0x000000b68d4fb818 mode 2
Event: 141.265 Thread 0x000001f0bba35da0 Uncommon trap: trap_request=0xffffffde fr.pc=0x000001f090458188 relative=0x0000000000000fe8
Event: 141.265 Thread 0x000001f0bba35da0 Uncommon trap: reason=class_check action=maybe_recompile pc=0x000001f090458188 method=org.gradle.internal.snapshot.AbstractIncompleteFileSystemNode$2.handleAsDescendantOfChild(Lorg/gradle/internal/snapshot/VfsRelativePath;Ljava/lang/Object;)Ljava/lang/Obj
Event: 141.266 Thread 0x000001f0bba35da0 DEOPT PACKING pc=0x000001f090458188 sp=0x000000b68d4fb4d0
Event: 141.266 Thread 0x000001f0bba35da0 DEOPT UNPACKING pc=0x000001f08fbc46a2 sp=0x000000b68d4fb280 mode 2
Event: 141.266 Thread 0x000001f0bba35da0 Uncommon trap: trap_request=0xffffffde fr.pc=0x000001f0915aaf74 relative=0x00000000000001b4
Event: 141.266 Thread 0x000001f0bba35da0 Uncommon trap: reason=class_check action=maybe_recompile pc=0x000001f0915aaf74 method=org.gradle.internal.snapshot.AbstractIncompleteFileSystemNode.store(Lorg/gradle/internal/snapshot/VfsRelativePath;Lorg/gradle/internal/snapshot/CaseSensitivity;Lorg/grad
Event: 141.266 Thread 0x000001f0bba35da0 DEOPT PACKING pc=0x000001f0915aaf74 sp=0x000000b68d4fb210
Event: 141.267 Thread 0x000001f0bba35da0 DEOPT UNPACKING pc=0x000001f08fbc46a2 sp=0x000000b68d4fb198 mode 2
Event: 141.298 Thread 0x000001f0bba3a5d0 Uncommon trap: trap_request=0xffffff45 fr.pc=0x000001f090b2ef60 relative=0x0000000000000400
Event: 141.298 Thread 0x000001f0bba3a5d0 Uncommon trap: reason=unstable_if action=reinterpret pc=0x000001f090b2ef60 method=com.esotericsoftware.kryo.io.Input.readVarLong(Z)J @ 152 c2
Event: 141.298 Thread 0x000001f0bba3a5d0 DEOPT PACKING pc=0x000001f090b2ef60 sp=0x000000b6878fe8b0
Event: 141.298 Thread 0x000001f0bba3a5d0 DEOPT UNPACKING pc=0x000001f08fbc46a2 sp=0x000000b6878fe850 mode 2

Classes loaded (20 events):
Event: 121.400 Loading class sun/nio/ch/Util$4
Event: 121.401 Loading class sun/nio/ch/Util$4 done
Event: 121.414 Loading class java/io/UTFDataFormatException
Event: 121.415 Loading class java/io/UTFDataFormatException done
Event: 121.436 Loading class java/util/regex/Pattern$Bound
Event: 121.438 Loading class java/util/regex/Pattern$Bound done
Event: 122.394 Loading class java/nio/file/Files$2
Event: 122.395 Loading class java/nio/file/Files$2 done
Event: 124.544 Loading class java/text/BreakIterator
Event: 124.544 Loading class java/text/BreakIterator done
Event: 124.590 Loading class java/util/function/ToIntBiFunction
Event: 124.592 Loading class java/util/function/ToIntBiFunction done
Event: 124.639 Loading class java/nio/file/Path$1
Event: 124.639 Loading class java/nio/file/Path$1 done
Event: 134.319 Loading class java/text/MessageFormat
Event: 134.321 Loading class java/text/MessageFormat done
Event: 134.330 Loading class java/util/EnumMap$Values
Event: 134.331 Loading class java/util/EnumMap$Values done
Event: 134.331 Loading class java/util/EnumMap$ValueIterator
Event: 134.331 Loading class java/util/EnumMap$ValueIterator done

Classes unloaded (0 events):
No events

Classes redefined (0 events):
No events

Internal exceptions (20 events):
Event: 140.429 Thread 0x000001f0bbed2c60 Exception <a 'java/lang/NoSuchMethodError'{0x00000000a2415bf0}: static Lcom/android/build/api/variant/ResValue;.<clinit>()V> (0x00000000a2415bf0) 
thrown [s\src\hotspot\share\prims\jni.cpp, line 1111]
Event: 140.470 Thread 0x000001f0bbed2c60 Exception <a 'sun/nio/fs/WindowsException'{0x00000000a24a9fe8}> (0x00000000a24a9fe8) 
thrown [s\src\hotspot\share\prims\jni.cpp, line 520]
Event: 140.521 Thread 0x000001f0bbed2c60 Exception <a 'sun/nio/fs/WindowsException'{0x00000000a2350568}> (0x00000000a2350568) 
thrown [s\src\hotspot\share\prims\jni.cpp, line 520]
Event: 140.557 Thread 0x000001f0bbed2c60 Exception <a 'sun/nio/fs/WindowsException'{0x00000000a23e8110}> (0x00000000a23e8110) 
thrown [s\src\hotspot\share\prims\jni.cpp, line 520]
Event: 140.590 Thread 0x000001f0bbed2c60 Exception <a 'sun/nio/fs/WindowsException'{0x00000000a22acce8}> (0x00000000a22acce8) 
thrown [s\src\hotspot\share\prims\jni.cpp, line 520]
Event: 140.625 Thread 0x000001f0bbed2c60 Exception <a 'sun/nio/fs/WindowsException'{0x00000000a2165058}> (0x00000000a2165058) 
thrown [s\src\hotspot\share\prims\jni.cpp, line 520]
Event: 140.664 Thread 0x000001f0bbed2c60 Exception <a 'sun/nio/fs/WindowsException'{0x00000000a21ffbf8}> (0x00000000a21ffbf8) 
thrown [s\src\hotspot\share\prims\jni.cpp, line 520]
Event: 140.710 Thread 0x000001f0bbed2c60 Exception <a 'sun/nio/fs/WindowsException'{0x00000000a20bbfe8}> (0x00000000a20bbfe8) 
thrown [s\src\hotspot\share\prims\jni.cpp, line 520]
Event: 140.737 Thread 0x000001f0bbed2c60 Exception <a 'sun/nio/fs/WindowsException'{0x00000000a1f74558}> (0x00000000a1f74558) 
thrown [s\src\hotspot\share\prims\jni.cpp, line 520]
Event: 140.780 Thread 0x000001f0bbed2c60 Exception <a 'sun/nio/fs/WindowsException'{0x00000000a1e20030}> (0x00000000a1e20030) 
thrown [s\src\hotspot\share\prims\jni.cpp, line 520]
Event: 140.824 Thread 0x000001f0bbed2c60 Exception <a 'sun/nio/fs/WindowsException'{0x00000000a1ebab90}> (0x00000000a1ebab90) 
thrown [s\src\hotspot\share\prims\jni.cpp, line 520]
Event: 140.858 Thread 0x000001f0bbed2c60 Exception <a 'sun/nio/fs/WindowsException'{0x00000000a1d8b990}> (0x00000000a1d8b990) 
thrown [s\src\hotspot\share\prims\jni.cpp, line 520]
Event: 140.907 Thread 0x000001f0bbed2c60 Exception <a 'sun/nio/fs/WindowsException'{0x00000000a1c29bb8}> (0x00000000a1c29bb8) 
thrown [s\src\hotspot\share\prims\jni.cpp, line 520]
Event: 140.944 Thread 0x000001f0bbed2c60 Exception <a 'sun/nio/fs/WindowsException'{0x00000000a1cdeb10}> (0x00000000a1cdeb10) 
thrown [s\src\hotspot\share\prims\jni.cpp, line 520]
Event: 140.972 Thread 0x000001f0bbed2c60 Exception <a 'sun/nio/fs/WindowsException'{0x00000000a1a01680}> (0x00000000a1a01680) 
thrown [s\src\hotspot\share\prims\jni.cpp, line 520]
Event: 141.008 Thread 0x000001f0bbed2c60 Exception <a 'sun/nio/fs/WindowsException'{0x00000000a1af16a0}> (0x00000000a1af16a0) 
thrown [s\src\hotspot\share\prims\jni.cpp, line 520]
Event: 141.037 Thread 0x000001f0bbed2c60 Exception <a 'sun/nio/fs/WindowsException'{0x00000000a19c3180}> (0x00000000a19c3180) 
thrown [s\src\hotspot\share\prims\jni.cpp, line 520]
Event: 141.063 Thread 0x000001f0bbed32f0 Exception <a 'sun/nio/fs/WindowsException'{0x00000000a4636c40}> (0x00000000a4636c40) 
thrown [s\src\hotspot\share\prims\jni.cpp, line 520]
Event: 141.093 Thread 0x000001f0bbed32f0 Exception <a 'sun/nio/fs/WindowsException'{0x00000000a46953c8}> (0x00000000a46953c8) 
thrown [s\src\hotspot\share\prims\jni.cpp, line 520]
Event: 141.125 Thread 0x000001f0bba35da0 Exception <a 'sun/nio/fs/WindowsException'{0x00000000a1762168}> (0x00000000a1762168) 
thrown [s\src\hotspot\share\prims\jni.cpp, line 520]

ZGC Phase Switch (0 events):
No events

VM Operations (20 events):
Event: 134.978 Executing VM operation: HandshakeAllThreads (Deoptimize)
Event: 134.978 Executing VM operation: HandshakeAllThreads (Deoptimize) done
Event: 135.180 Executing VM operation: ICBufferFull
Event: 135.180 Executing VM operation: ICBufferFull done
Event: 135.558 Executing VM operation: HandshakeAllThreads (Deoptimize)
Event: 135.558 Executing VM operation: HandshakeAllThreads (Deoptimize) done
Event: 136.568 Executing VM operation: Cleanup
Event: 136.569 Executing VM operation: Cleanup done
Event: 136.785 Executing VM operation: HandshakeAllThreads (Deoptimize)
Event: 136.785 Executing VM operation: HandshakeAllThreads (Deoptimize) done
Event: 137.428 Executing VM operation: G1CollectForAllocation (G1 Evacuation Pause)
Event: 137.451 Executing VM operation: G1CollectForAllocation (G1 Evacuation Pause) done
Event: 138.119 Executing VM operation: G1PauseRemark
Event: 138.159 Executing VM operation: G1PauseRemark done
Event: 138.547 Executing VM operation: G1PauseCleanup
Event: 138.548 Executing VM operation: G1PauseCleanup done
Event: 139.649 Executing VM operation: G1CollectForAllocation (G1 Evacuation Pause)
Event: 139.676 Executing VM operation: G1CollectForAllocation (G1 Evacuation Pause) done
Event: 141.401 Executing VM operation: ICBufferFull
Event: 141.402 Executing VM operation: ICBufferFull done

Memory protections (0 events):
No events

Nmethod flushes (20 events):
Event: 138.153 Thread 0x000001f0fdac6640 flushing  nmethod 0x000001f0896a1c10
Event: 138.153 Thread 0x000001f0fdac6640 flushing  nmethod 0x000001f0896a3410
Event: 138.153 Thread 0x000001f0fdac6640 flushing  nmethod 0x000001f08978ef10
Event: 138.153 Thread 0x000001f0fdac6640 flushing  nmethod 0x000001f089791190
Event: 138.153 Thread 0x000001f0fdac6640 flushing  nmethod 0x000001f089793210
Event: 138.153 Thread 0x000001f0fdac6640 flushing  nmethod 0x000001f0897ae410
Event: 138.153 Thread 0x000001f0fdac6640 flushing  nmethod 0x000001f0897aea10
Event: 138.153 Thread 0x000001f0fdac6640 flushing  nmethod 0x000001f0897b0710
Event: 138.153 Thread 0x000001f0fdac6640 flushing  nmethod 0x000001f0897b0c10
Event: 138.153 Thread 0x000001f0fdac6640 flushing  nmethod 0x000001f0897b2d10
Event: 138.153 Thread 0x000001f0fdac6640 flushing  nmethod 0x000001f0897b5690
Event: 138.153 Thread 0x000001f0fdac6640 flushing  nmethod 0x000001f0897b5b90
Event: 138.153 Thread 0x000001f0fdac6640 flushing  nmethod 0x000001f0897b7790
Event: 138.153 Thread 0x000001f0fdac6640 flushing  nmethod 0x000001f0897bb010
Event: 138.153 Thread 0x000001f0fdac6640 flushing  nmethod 0x000001f0897bb410
Event: 138.153 Thread 0x000001f0fdac6640 flushing  nmethod 0x000001f089803210
Event: 138.153 Thread 0x000001f0fdac6640 flushing  nmethod 0x000001f089845c90
Event: 138.153 Thread 0x000001f0fdac6640 flushing  nmethod 0x000001f089bc3690
Event: 138.153 Thread 0x000001f0fdac6640 flushing  nmethod 0x000001f089cc6f10
Event: 138.153 Thread 0x000001f0fdac6640 flushing  nmethod 0x000001f08a11fc90

Events (20 events):
Event: 115.525 Thread 0x000001f0bbed32f0 Thread added: 0x000001f0bba398b0
Event: 115.525 Thread 0x000001f0bbed32f0 Thread added: 0x000001f0bba3c010
Event: 115.526 Thread 0x000001f0bbed32f0 Thread added: 0x000001f0bba3e0e0
Event: 115.526 Thread 0x000001f0bbed32f0 Thread added: 0x000001f0bba3e770
Event: 115.526 Thread 0x000001f0bbed32f0 Thread added: 0x000001f0bba3d3c0
Event: 117.122 Thread 0x000001f0b873fca0 Thread exited: 0x000001f0b873fca0
Event: 117.235 Thread 0x000001f0b873ccf0 Thread exited: 0x000001f0b873ccf0
Event: 117.360 Thread 0x000001f0fdafe740 Thread added: 0x000001f0bbb4e260
Event: 117.634 Thread 0x000001f0bbb4e260 Thread exited: 0x000001f0bbb4e260
Event: 119.880 Thread 0x000001f0fdafe740 Thread added: 0x000001f0bbb4e260
Event: 119.947 Thread 0x000001f0fdafe740 Thread added: 0x000001f0b873e160
Event: 133.000 Thread 0x000001f0b873e160 Thread exited: 0x000001f0b873e160
Event: 133.246 Thread 0x000001f0bbb4e260 Thread exited: 0x000001f0bbb4e260
Event: 133.277 Thread 0x000001f0fdafe740 Thread added: 0x000001f0c7b9f970
Event: 133.354 Thread 0x000001f0fdafe740 Thread added: 0x000001f0c7b9c2f0
Event: 136.201 Thread 0x000001f0c7b9c2f0 Thread exited: 0x000001f0c7b9c2f0
Event: 136.202 Thread 0x000001f0c7b9f970 Thread exited: 0x000001f0c7b9f970
Event: 136.258 Thread 0x000001f0fdafe740 Thread added: 0x000001f0c7b9f970
Event: 137.217 Thread 0x000001f0c7b9f970 Thread exited: 0x000001f0c7b9f970
Event: 137.598 Thread 0x000001f0fdafe740 Thread added: 0x000001f0c7b9f970


Dynamic libraries:
0x00007ff78be20000 - 0x00007ff78be2e000 	C:\Program Files\Eclipse Adoptium\jdk-21.0.8.9-hotspot\bin\java.exe
0x00007ffebb360000 - 0x00007ffebb5c9000 	C:\WINDOWS\SYSTEM32\ntdll.dll
0x00007ffebaab0000 - 0x00007ffebab79000 	C:\WINDOWS\System32\KERNEL32.DLL
0x00007ffeb8af0000 - 0x00007ffeb8ee3000 	C:\WINDOWS\System32\KERNELBASE.dll
0x00007ffeb8760000 - 0x00007ffeb88ab000 	C:\WINDOWS\System32\ucrtbase.dll
0x00007ffe8d310000 - 0x00007ffe8d32e000 	C:\Program Files\Eclipse Adoptium\jdk-21.0.8.9-hotspot\bin\VCRUNTIME140.dll
0x00007ffe8d2f0000 - 0x00007ffe8d308000 	C:\Program Files\Eclipse Adoptium\jdk-21.0.8.9-hotspot\bin\jli.dll
0x00007ffeb9ff0000 - 0x00007ffeba1b4000 	C:\WINDOWS\System32\USER32.dll
0x00007ffea0140000 - 0x00007ffea03d3000 	C:\WINDOWS\WinSxS\amd64_microsoft.windows.common-controls_6595b64144ccf1df_6.0.26100.5074_none_3e0d6f78e32fd63f\COMCTL32.dll
0x00007ffeb9060000 - 0x00007ffeb9087000 	C:\WINDOWS\System32\win32u.dll
0x00007ffebb270000 - 0x00007ffebb319000 	C:\WINDOWS\System32\msvcrt.dll
0x00007ffeba940000 - 0x00007ffeba96b000 	C:\WINDOWS\System32\GDI32.dll
0x00007ffeb84f0000 - 0x00007ffeb861d000 	C:\WINDOWS\System32\gdi32full.dll
0x00007ffeb86b0000 - 0x00007ffeb8753000 	C:\WINDOWS\System32\msvcp_win.dll
0x00007ffebaf00000 - 0x00007ffebaf2f000 	C:\WINDOWS\System32\IMM32.DLL
0x00007ffea82b0000 - 0x00007ffea82bc000 	C:\Program Files\Eclipse Adoptium\jdk-21.0.8.9-hotspot\bin\vcruntime140_1.dll
0x00007ffe7e5b0000 - 0x00007ffe7e63d000 	C:\Program Files\Eclipse Adoptium\jdk-21.0.8.9-hotspot\bin\msvcp140.dll
0x00007ffde55c0000 - 0x00007ffde6357000 	C:\Program Files\Eclipse Adoptium\jdk-21.0.8.9-hotspot\bin\server\jvm.dll
0x00007ffebacb0000 - 0x00007ffebad64000 	C:\WINDOWS\System32\ADVAPI32.dll
0x00007ffeba9f0000 - 0x00007ffebaa96000 	C:\WINDOWS\System32\sechost.dll
0x00007ffebade0000 - 0x00007ffebaef8000 	C:\WINDOWS\System32\RPCRT4.dll
0x00007ffebab80000 - 0x00007ffebabf4000 	C:\WINDOWS\System32\WS2_32.dll
0x00007ffeb8370000 - 0x00007ffeb83ce000 	C:\WINDOWS\SYSTEM32\POWRPROF.dll
0x00007ffeb1340000 - 0x00007ffeb134b000 	C:\WINDOWS\SYSTEM32\VERSION.dll
0x00007ffea03e0000 - 0x00007ffea0415000 	C:\WINDOWS\SYSTEM32\WINMM.dll
0x00007ffeb8350000 - 0x00007ffeb8364000 	C:\WINDOWS\SYSTEM32\UMPDC.dll
0x00007ffeb7290000 - 0x00007ffeb72ab000 	C:\WINDOWS\SYSTEM32\kernel.appcore.dll
0x00007ffea3e90000 - 0x00007ffea3e9a000 	C:\Program Files\Eclipse Adoptium\jdk-21.0.8.9-hotspot\bin\jimage.dll
0x00007ffeb24e0000 - 0x00007ffeb2722000 	C:\WINDOWS\SYSTEM32\DBGHELP.DLL
0x00007ffeba280000 - 0x00007ffeba5fb000 	C:\WINDOWS\System32\combase.dll
0x00007ffeba600000 - 0x00007ffeba6d7000 	C:\WINDOWS\System32\OLEAUT32.dll
0x00007ffe94e90000 - 0x00007ffe94ecd000 	C:\WINDOWS\SYSTEM32\dbgcore.DLL
0x00007ffeb9090000 - 0x00007ffeb9129000 	C:\WINDOWS\System32\bcryptPrimitives.dll
0x00007ffe93db0000 - 0x00007ffe93dbf000 	C:\Program Files\Eclipse Adoptium\jdk-21.0.8.9-hotspot\bin\instrument.dll
0x00007ffe8d2d0000 - 0x00007ffe8d2ef000 	C:\Program Files\Eclipse Adoptium\jdk-21.0.8.9-hotspot\bin\java.dll
0x00007ffeb9390000 - 0x00007ffeb9add000 	C:\WINDOWS\System32\SHELL32.dll
0x00007ffeb8ef0000 - 0x00007ffeb905c000 	C:\WINDOWS\System32\wintypes.dll
0x00007ffeb6110000 - 0x00007ffeb6969000 	C:\WINDOWS\SYSTEM32\windows.storage.dll
0x00007ffebb170000 - 0x00007ffebb260000 	C:\WINDOWS\System32\SHCORE.dll
0x00007ffebad70000 - 0x00007ffebadd2000 	C:\WINDOWS\System32\shlwapi.dll
0x00007ffeb8410000 - 0x00007ffeb8439000 	C:\WINDOWS\SYSTEM32\profapi.dll
0x00007ffe3f540000 - 0x00007ffe3f617000 	C:\Program Files\Eclipse Adoptium\jdk-21.0.8.9-hotspot\bin\jsvml.dll
0x00007ffe7eec0000 - 0x00007ffe7eed8000 	C:\Program Files\Eclipse Adoptium\jdk-21.0.8.9-hotspot\bin\zip.dll
0x00007ffe9c2c0000 - 0x00007ffe9c2d0000 	C:\Program Files\Eclipse Adoptium\jdk-21.0.8.9-hotspot\bin\net.dll
0x00007ffeb2c60000 - 0x00007ffeb2d7f000 	C:\WINDOWS\SYSTEM32\WINHTTP.dll
0x00007ffeb77f0000 - 0x00007ffeb785b000 	C:\WINDOWS\system32\mswsock.dll
0x00007ffe8a260000 - 0x00007ffe8a276000 	C:\Program Files\Eclipse Adoptium\jdk-21.0.8.9-hotspot\bin\nio.dll
0x00007ffe9c160000 - 0x00007ffe9c170000 	C:\Program Files\Eclipse Adoptium\jdk-21.0.8.9-hotspot\bin\verify.dll
0x00007ffe7ede0000 - 0x00007ffe7ee07000 	C:\Users\USER\.gradle\native\1def1411415f61bf3af743bc5b6707747c0891f09f0c88961ee8f79bc544acac\windows-amd64\native-platform.dll
0x00007ffe57c80000 - 0x00007ffe57cf8000 	C:\Users\USER\.gradle\native\0.2.7\x86_64-windows-gnu\gradle-fileevents.dll
0x00007ffe9b400000 - 0x00007ffe9b40a000 	C:\Program Files\Eclipse Adoptium\jdk-21.0.8.9-hotspot\bin\management.dll
0x00007ffe9b370000 - 0x00007ffe9b37b000 	C:\Program Files\Eclipse Adoptium\jdk-21.0.8.9-hotspot\bin\management_ext.dll
0x00007ffebaaa0000 - 0x00007ffebaaa8000 	C:\WINDOWS\System32\PSAPI.DLL
0x00007ffeb6ce0000 - 0x00007ffeb6d14000 	C:\WINDOWS\SYSTEM32\IPHLPAPI.DLL
0x00007ffeb9f80000 - 0x00007ffeb9f8a000 	C:\WINDOWS\System32\NSI.dll
0x00007ffe93f70000 - 0x00007ffe93f79000 	C:\Program Files\Eclipse Adoptium\jdk-21.0.8.9-hotspot\bin\extnet.dll
0x00007ffeb7bc0000 - 0x00007ffeb7bdb000 	C:\WINDOWS\SYSTEM32\CRYPTSP.dll
0x00007ffeb71f0000 - 0x00007ffeb722b000 	C:\WINDOWS\system32\rsaenh.dll
0x00007ffeb7890000 - 0x00007ffeb78bb000 	C:\WINDOWS\SYSTEM32\USERENV.dll
0x00007ffeb83e0000 - 0x00007ffeb8406000 	C:\WINDOWS\SYSTEM32\bcrypt.dll
0x00007ffeb7a20000 - 0x00007ffeb7a2c000 	C:\WINDOWS\SYSTEM32\CRYPTBASE.dll
0x00007ffe93cd0000 - 0x00007ffe93cde000 	C:\Program Files\Eclipse Adoptium\jdk-21.0.8.9-hotspot\bin\sunmscapi.dll
0x00007ffeb88b0000 - 0x00007ffeb8a27000 	C:\WINDOWS\System32\CRYPT32.dll
0x00007ffeb7d10000 - 0x00007ffeb7d40000 	C:\WINDOWS\SYSTEM32\ncrypt.dll
0x00007ffeb7cc0000 - 0x00007ffeb7cff000 	C:\WINDOWS\SYSTEM32\NTASN1.dll
0x00007ffe64d00000 - 0x00007ffe64d08000 	C:\WINDOWS\system32\wshunix.dll
0x00007ffeb6d80000 - 0x00007ffeb6ea6000 	C:\WINDOWS\SYSTEM32\DNSAPI.dll
0x00007ffeb13d0000 - 0x00007ffeb13db000 	C:\Windows\System32\rasadhlp.dll
0x00007ffeb2ed0000 - 0x00007ffeb2f56000 	C:\WINDOWS\System32\fwpuclnt.dll

JVMTI agents:
C:\Users\USER\.gradle\wrapper\dists\gradle-8.14.1-bin\baw1sv0jfoi8rxs14qo3h49cs\gradle-8.14.1\lib\agents\gradle-instrumentation-agent-8.14.1.jar path:C:\Program Files\Eclipse Adoptium\jdk-21.0.8.9-hotspot\bin\instrument.dll, loaded, initialized, instrumentlib options:none

dbghelp: loaded successfully - version: 4.0.5 - missing functions: none
symbol engine: initialized successfully - sym options: 0x614 - pdb path: .;C:\Program Files\Eclipse Adoptium\jdk-21.0.8.9-hotspot\bin;C:\WINDOWS\SYSTEM32;C:\WINDOWS\WinSxS\amd64_microsoft.windows.common-controls_6595b64144ccf1df_6.0.26100.5074_none_3e0d6f78e32fd63f;C:\Program Files\Eclipse Adoptium\jdk-21.0.8.9-hotspot\bin\server;C:\Users\USER\.gradle\native\1def1411415f61bf3af743bc5b6707747c0891f09f0c88961ee8f79bc544acac\windows-amd64;C:\Users\USER\.gradle\native\0.2.7\x86_64-windows-gnu

VM Arguments:
jvm_args: --add-opens=java.base/java.lang=ALL-UNNAMED --add-opens=java.base/java.lang.invoke=ALL-UNNAMED --add-opens=java.base/java.util=ALL-UNNAMED --add-opens=java.prefs/java.util.prefs=ALL-UNNAMED --add-exports=jdk.compiler/com.sun.tools.javac.api=ALL-UNNAMED --add-exports=jdk.compiler/com.sun.tools.javac.util=ALL-UNNAMED --add-opens=java.base/java.util=ALL-UNNAMED --add-opens=java.prefs/java.util.prefs=ALL-UNNAMED --add-opens=java.base/java.nio.charset=ALL-UNNAMED --add-opens=java.base/java.net=ALL-UNNAMED --add-opens=java.base/java.util.concurrent.atomic=ALL-UNNAMED --add-opens=java.xml/javax.xml.namespace=ALL-UNNAMED -XX:MaxMetaspaceSize=512m -Xmx2048m -Dfile.encoding=UTF-8 -Duser.country=US -Duser.language=en -Duser.variant -javaagent:C:\Users\USER\.gradle\wrapper\dists\gradle-8.14.1-bin\baw1sv0jfoi8rxs14qo3h49cs\gradle-8.14.1\lib\agents\gradle-instrumentation-agent-8.14.1.jar 
java_command: org.gradle.launcher.daemon.bootstrap.GradleDaemon 8.14.1
java_class_path (initial): C:\Users\USER\.gradle\wrapper\dists\gradle-8.14.1-bin\baw1sv0jfoi8rxs14qo3h49cs\gradle-8.14.1\lib\gradle-daemon-main-8.14.1.jar
Launcher Type: SUN_STANDARD

[Global flags]
     intx CICompilerCount                          = 4                                         {product} {ergonomic}
   size_t CompressedClassSpaceSize                 = 436207616                                 {product} {ergonomic}
     uint ConcGCThreads                            = 2                                         {product} {ergonomic}
     uint G1ConcRefinementThreads                  = 8                                         {product} {ergonomic}
   size_t G1HeapRegionSize                         = 1048576                                   {product} {ergonomic}
    uintx GCDrainStackTargetSize                   = 64                                        {product} {ergonomic}
   size_t InitialHeapSize                          = 266338304                                 {product} {ergonomic}
   size_t MarkStackSize                            = 4194304                                   {product} {ergonomic}
   size_t MaxHeapSize                              = 2147483648                                {product} {command line}
   size_t MaxMetaspaceSize                         = 536870912                                 {product} {command line}
   size_t MaxNewSize                               = 1287651328                                {product} {ergonomic}
   size_t MinHeapDeltaBytes                        = 1048576                                   {product} {ergonomic}
   size_t MinHeapSize                              = 8388608                                   {product} {ergonomic}
    uintx NonNMethodCodeHeapSize                   = 5839372                                {pd product} {ergonomic}
    uintx NonProfiledCodeHeapSize                  = 122909434                              {pd product} {ergonomic}
    uintx ProfiledCodeHeapSize                     = 122909434                              {pd product} {ergonomic}
    uintx ReservedCodeCacheSize                    = 251658240                              {pd product} {ergonomic}
     bool SegmentedCodeCache                       = true                                      {product} {ergonomic}
   size_t SoftMaxHeapSize                          = 2147483648                             {manageable} {ergonomic}
     bool UseCompressedOops                        = true                           {product lp64_product} {ergonomic}
     bool UseG1GC                                  = true                                      {product} {ergonomic}
     bool UseLargePagesIndividualAllocation        = false                                  {pd product} {ergonomic}

Logging:
Log output configuration:
 #0: stdout all=warning uptime,level,tags foldmultilines=false
 #1: stderr all=off uptime,level,tags foldmultilines=false

Environment Variables:
JAVA_HOME=C:\Program Files\Eclipse Adoptium\jdk-21.0.8.9-hotspot
PATH=C:\rn\ntb\node_modules\.bin;C:\rn\node_modules\.bin;C:\node_modules\.bin;C:\Program Files\nodejs\node_modules\npm\node_modules\@npmcli\run-script\lib\node-gyp-bin;C:\Program Files (x86)\VMware\VMware Workstation\bin\;C:\Program Files\Eclipse Adoptium\jdk-21.0.8.9-hotspot\bin;C:\Users\USER\AppData\Local\Android\Sdk\emulator;C:\Users\USER\AppData\Local\Android\Sdk\build-tools;C:\Users\USER\AppData\Local\Android\Sdk\platforms;C:\Users\USER\AppData\Local\Android\Sdk\platform-tools;C:\Users\USER\AppData\Local\Android\Sdk\cmdline-tools\latest\bin;C:\WINDOWS\system32;C:\WINDOWS;C:\WINDOWS\System32\Wbem;C:\WINDOWS\System32\WindowsPowerShell\v1.0\;C:\WINDOWS\System32\OpenSSH\;C:\Program Files\nodejs\;C:\ProgramData\chocolatey\bin;C:\Program Files\dotnet\;C:\Program Files\Git\cmd;C:\Program Files\Docker\Docker\resources\bin;C:\Users\USER\AppData\Local\Android\Sdk\tools;C:\Users\USER\AppData\Local\Android\Sdk\tools;C:\Users\USER\AppData\Local\Programs\Python\Python313\Scripts\;C:\Users\USER\AppData\Local\Programs\Python\Python313\;C:\Users\USER\AppData\Local\Microsoft\WindowsApps;C:\Users\USER\AppData\Roaming\npm;C:\Users\USER\AppData\Local\Programs\Microsoft VS Code\bin;;c:\Users\USER\AppData\Roaming\Code\User\globalStorage\github.copilot-chat\debugCommand
USERNAME=USER
LANG=en_US.UTF-8
OS=Windows_NT
PROCESSOR_IDENTIFIER=Intel64 Family 6 Model 142 Stepping 12, GenuineIntel
TMP=C:\Users\USER\AppData\Local\Temp
TEMP=C:\Users\USER\AppData\Local\Temp




Periodic native trim disabled

---------------  S Y S T E M  ---------------

OS:
 Windows 11 , 64 bit Build 26100 (10.0.26100.5074)
OS uptime: 0 days 21:42 hours
Hyper-V role detected

CPU: total 8 (initial active 8) (4 cores per cpu, 2 threads per core) family 6 model 142 stepping 12 microcode 0xf0, cx8, cmov, fxsr, ht, mmx, 3dnowpref, sse, sse2, sse3, ssse3, sse4.1, sse4.2, popcnt, lzcnt, tsc, tscinvbit, avx, avx2, aes, erms, clmul, bmi1, bmi2, adx, fma, vzeroupper, clflush, clflushopt, hv, rdtscp, f16c
Processor Information for the first 8 processors :
  Max Mhz: 1896, Current Mhz: 1596, Mhz Limit: 1592

Memory: 4k page, system-wide physical 16198M (861M free)
TotalPageFile size 46590M (AvailPageFile size 97M)
current process WorkingSet (physical memory assigned to process): 1077M, peak: 1079M
current process commit charge ("private bytes"): 1120M, peak: 1123M

vm_info: OpenJDK 64-Bit Server VM (21.0.8+9-LTS) for windows-amd64 JRE (21.0.8+9-LTS), built on 2025-07-15T00:00:00Z by "admin" with MS VC++ 17.7 (VS2022)

END.
